"name","ID","CD34High_vs_CD34Low_p.adj","CD34High_vs_CD34Neg_p.adj","CD34Low_vs_CD34Neg_p.adj","CD34High_vs_CD34Low_significant","CD34High_vs_CD34Neg_significant","CD34Low_vs_CD34Neg_significant","significant","CD34High_vs_CD34Low_ratio","CD34High_vs_CD34Neg_ratio","CD34Low_vs_CD34Neg_ratio","CD34High_centered","CD34Low_centered","CD34Neg_centered"
"ALPL","P05186","6.85e-01","1.23e-03","2.45e-06",FALSE,TRUE,TRUE,TRUE,1.27,-4.76,-6.03,-1.16,-2.43,3.6
"CILP","O75339","8.75e-01","3.38e-02","1.24e-01",FALSE,TRUE,FALSE,TRUE,0.793,4.97,4.17,1.92,1.13,-3.05
"CNN2","Q99439","4.64e-02","9.70e-01","5.10e-01",TRUE,FALSE,FALSE,TRUE,-2.17,-0.0504,2.12,-0.741,1.43,-0.691
"COL18A1","P39060","9.43e-01","3.37e-12","1.03e-11",FALSE,TRUE,TRUE,TRUE,-0.151,-7.66,-7.51,-2.6,-2.45,5.05
"CON__ENSEMBL:ENSBTAP00000016046","CON__ENSEMBL:ENSBTAP00000016046","8.82e-01","4.14e-02","1.36e-01",FALSE,TRUE,FALSE,TRUE,-0.702,-4.5,-3.8,-1.74,-1.03,2.77
"CON__Q3Y5Z3","CON__Q3Y5Z3","9.08e-01","3.38e-02","9.61e-02",FALSE,TRUE,FALSE,TRUE,-0.498,-4.18,-3.68,-1.56,-1.06,2.62
"CSPG4","Q6UVK1","8.87e-01","2.06e-03","2.14e-04",FALSE,TRUE,TRUE,TRUE,0.574,-4.88,-5.45,-1.43,-2.01,3.44
"CTNNA1","P35221","1.53e-03","1.10e-01","9.48e-01",TRUE,FALSE,FALSE,TRUE,-3.55,-3.99,-0.441,-2.51,1.04,1.48
"FNDC1","Q4ZHG4","1.82e-02","1.50e-01","9.34e-01",TRUE,FALSE,FALSE,TRUE,4.54,5.63,1.09,3.39,-1.15,-2.24
"GOT1","P17174","3.51e-04","9.71e-01","1.31e-01",TRUE,FALSE,FALSE,TRUE,-3.21,0.0125,3.23,-1.07,2.15,-1.08
"LAMA5","O15230","9.39e-01","5.37e-03","2.57e-03",FALSE,TRUE,TRUE,TRUE,0.235,-4.78,-5.01,-1.51,-1.75,3.26
"MVP","Q14764","9.25e-01","3.12e-02","7.21e-02",FALSE,TRUE,FALSE,TRUE,-0.32,-3.58,-3.26,-1.3,-0.981,2.28
"MYH11","P35749","9.00e-01","1.05e-01","4.14e-02",FALSE,FALSE,TRUE,TRUE,0.59,-3.86,-4.45,-1.09,-1.68,2.77
"MYH9","P35579","9.42e-01","2.99e-02","4.79e-02",FALSE,TRUE,TRUE,TRUE,-0.258,-5.71,-5.46,-1.99,-1.73,3.72
"OGN","P20774","8.47e-01","1.33e-03","1.36e-02",FALSE,TRUE,TRUE,TRUE,0.806,5.47,4.66,2.09,1.29,-3.38
"OMD","Q99983","8.49e-01","1.05e-08","6.61e-07",FALSE,TRUE,TRUE,TRUE,0.644,6.57,5.93,2.41,1.76,-4.17
"TINAGL1","Q9GZM7","8.57e-01","7.08e-02","1.50e-02",FALSE,FALSE,TRUE,TRUE,1.09,-5.64,-6.73,-1.51,-2.61,4.12
"VWA1","Q6PCB0","8.47e-01","1.56e-01","3.99e-02",FALSE,FALSE,TRUE,TRUE,0.709,-2.98,-3.69,-0.759,-1.47,2.23
"A2M","P01023","8.62e-01","4.05e-01","6.69e-01",FALSE,FALSE,FALSE,FALSE,-1.12,-4.38,-3.26,-1.83,-0.71,2.54
"AARS","P49588","8.24e-01","9.67e-01","9.27e-01",FALSE,FALSE,FALSE,FALSE,-1.11,-0.222,0.888,-0.444,0.666,-0.222
"ACACB","O00763","8.42e-01","9.69e-01","9.10e-01",FALSE,FALSE,FALSE,FALSE,-2.26,0.393,2.66,-0.624,1.64,-1.02
"ACLY","P53396","9.18e-01","9.59e-01","9.59e-01",FALSE,FALSE,FALSE,FALSE,-1.14,-1.25,-0.117,-0.796,0.34,0.456
"ACOT2","P49753","8.19e-01","9.55e-01","8.17e-01",FALSE,FALSE,FALSE,FALSE,-1.5,0.889,2.39,-0.204,1.3,-1.09
"ACSS2","Q9NR19","8.17e-01","9.40e-01","7.35e-01",FALSE,FALSE,FALSE,FALSE,-1.98,1.73,3.71,-0.0856,1.9,-1.81
"ACTC1","P68032","9.53e-01","9.53e-01","9.38e-01",FALSE,FALSE,FALSE,FALSE,-0.039,-0.724,-0.685,-0.254,-0.215,0.47
"ACTG1","P63261","9.53e-01","9.55e-01","9.36e-01",FALSE,FALSE,FALSE,FALSE,0.04,-0.649,-0.689,-0.203,-0.243,0.446
"ACTN1","P12814","8.49e-01","8.41e-01","9.15e-01",FALSE,FALSE,FALSE,FALSE,-0.568,-1.24,-0.67,-0.602,-0.034,0.636
"ACTN4","O43707","8.98e-01","8.43e-01","8.93e-01",FALSE,FALSE,FALSE,FALSE,-0.494,-1.5,-1.01,-0.665,-0.171,0.836
"ACTR1A","P61163","8.26e-01","9.01e-01","9.48e-01",FALSE,FALSE,FALSE,FALSE,-1.11,-1.57,-0.452,-0.893,0.221,0.673
"ACTR2","P61160","9.43e-01","7.57e-01","7.52e-01",FALSE,FALSE,FALSE,FALSE,-0.318,-3.53,-3.22,-1.28,-0.966,2.25
"ACTR3","P61158","9.08e-01","9.38e-01","9.46e-01",FALSE,FALSE,FALSE,FALSE,-0.533,-0.982,-0.448,-0.505,0.0283,0.477
"ACY1","Q03154","8.42e-01","9.60e-01","8.75e-01",FALSE,FALSE,FALSE,FALSE,-1.76,0.939,2.7,-0.273,1.49,-1.21
"ADAMTS1","Q9UHI8","9.31e-01","9.65e-01","9.38e-01",FALSE,FALSE,FALSE,FALSE,0.261,-0.227,-0.488,0.0114,-0.25,0.238
"ADH1B","P00325","8.72e-01","9.32e-01","7.97e-01",FALSE,FALSE,FALSE,FALSE,-1.02,1.5,2.51,0.16,1.18,-1.34
"ADH5","P11766","8.22e-01","8.94e-01","9.47e-01",FALSE,FALSE,FALSE,FALSE,-1.45,-2.06,-0.603,-1.17,0.284,0.887
"ADIPOQ","Q15848","8.72e-01","9.06e-01","7.11e-01",FALSE,FALSE,FALSE,FALSE,-1.75,3.32,5.06,0.522,2.27,-2.79
"AEBP1","Q8IUX7","7.70e-01","5.17e-01","8.64e-01",FALSE,FALSE,FALSE,FALSE,-1.68,-3.52,-1.84,-1.73,-0.0517,1.79
"AFP","CON__Q3SZ57","9.39e-01","9.55e-01","9.49e-01",FALSE,FALSE,FALSE,FALSE,0.437,1.12,0.682,0.518,0.0818,-0.6
"AGRN","O00468","8.87e-01","7.70e-01","8.60e-01",FALSE,FALSE,FALSE,FALSE,-0.766,-2.47,-1.7,-1.08,-0.313,1.39
"AHNAK","Q09666","9.23e-01","9.55e-01","9.10e-01",FALSE,FALSE,FALSE,FALSE,0.464,-0.71,-1.17,-0.0821,-0.546,0.628
"AHSA1","O95433","9.11e-01","9.70e-01","9.46e-01",FALSE,FALSE,FALSE,FALSE,0.457,0.0556,-0.402,0.171,-0.286,0.115
"AK2","P54819","8.77e-01","9.66e-01","9.16e-01",FALSE,FALSE,FALSE,FALSE,-0.586,0.224,0.811,-0.121,0.466,-0.345
"AK3","Q9UIJ7","9.49e-01","9.63e-01","9.52e-01",FALSE,FALSE,FALSE,FALSE,0.172,0.633,0.461,0.268,0.0965,-0.365
"AKAP12","Q02952","9.28e-01","9.69e-01","9.54e-01",FALSE,FALSE,FALSE,FALSE,-0.323,-0.122,0.201,-0.148,0.175,-0.0263
"AKR1A1","P14550","7.24e-01","9.26e-01","5.10e-01",FALSE,FALSE,FALSE,FALSE,-1.63,1.3,2.93,-0.112,1.52,-1.41
"AKR1C2","P52895","8.60e-01","9.71e-01","9.27e-01",FALSE,FALSE,FALSE,FALSE,-1.01,0.0628,1.07,-0.314,0.692,-0.377
"ALCAM","Q13740","8.55e-01","9.17e-01","9.45e-01",FALSE,FALSE,FALSE,FALSE,-1.12,-1.78,-0.662,-0.966,0.152,0.814
"ALDH1L1","O75891","9.03e-01","9.44e-01","8.64e-01",FALSE,FALSE,FALSE,FALSE,-1.22,1.89,3.11,0.224,1.44,-1.67
"ALDOA","P04075","7.31e-01","9.22e-01","9.54e-01",FALSE,FALSE,FALSE,FALSE,-1.2,-0.999,0.199,-0.732,0.466,0.267
"ANGPTL1","O95841","9.34e-01","9.55e-01","9.18e-01",FALSE,FALSE,FALSE,FALSE,-0.549,1.1,1.65,0.183,0.732,-0.915
"ANGPTL4","Q9BY76","9.44e-01","8.91e-01","8.79e-01",FALSE,FALSE,FALSE,FALSE,-0.252,-2.15,-1.89,-0.799,-0.547,1.35
"ANPEP","P15144","9.48e-01","7.49e-01","6.33e-01",FALSE,FALSE,FALSE,FALSE,-0.17,3.03,3.2,0.953,1.12,-2.08
"ANXA1","P04083","8.70e-01","9.43e-01","9.57e-01",FALSE,FALSE,FALSE,FALSE,-0.575,-0.694,-0.119,-0.423,0.152,0.271
"ANXA2","P07355","9.48e-01","9.66e-01","9.57e-01",FALSE,FALSE,FALSE,FALSE,-0.0907,-0.193,-0.102,-0.0945,-0.00376,0.0983
"ANXA5","P08758","9.13e-01","9.71e-01","9.44e-01",FALSE,FALSE,FALSE,FALSE,-0.383,0.0159,0.398,-0.122,0.26,-0.138
"ANXA6","P08133","9.27e-01","9.56e-01","9.14e-01",FALSE,FALSE,FALSE,FALSE,-0.314,0.491,0.805,0.0592,0.373,-0.432
"AP1B1","Q10567","7.14e-01","8.23e-01","9.47e-01",FALSE,FALSE,FALSE,FALSE,-1.71,-2.2,-0.497,-1.3,0.403,0.9
"AP2B1","P63010","5.65e-01","9.71e-01","7.95e-01",FALSE,FALSE,FALSE,FALSE,1.5,-0.0174,-1.52,0.495,-1.01,0.512
"APEX1","P27695","9.43e-01","9.58e-01","9.33e-01",FALSE,FALSE,FALSE,FALSE,-0.31,0.841,1.15,0.177,0.487,-0.664
"APOE","P02649","9.11e-01","9.50e-01","8.88e-01",FALSE,FALSE,FALSE,FALSE,-0.647,0.951,1.6,0.101,0.748,-0.85
"APP","P05067","6.57e-01","7.52e-01","9.41e-01",FALSE,FALSE,FALSE,FALSE,1.49,2.01,0.529,1.17,-0.319,-0.848
"ARCN1","P48444","9.46e-01","9.63e-01","9.55e-01",FALSE,FALSE,FALSE,FALSE,-0.147,-0.36,-0.214,-0.169,-0.0225,0.191
"ARF1","P84077","9.11e-01","9.62e-01","9.19e-01",FALSE,FALSE,FALSE,FALSE,-0.582,0.479,1.06,-0.0341,0.547,-0.513
"ARHGAP1","Q07960","9.42e-01","9.65e-01","9.58e-01",FALSE,FALSE,FALSE,FALSE,-0.189,-0.276,-0.0867,-0.155,0.0343,0.121
"ARHGDIA","P52565","7.58e-01","8.55e-01","9.49e-01",FALSE,FALSE,FALSE,FALSE,-1.89,-2.43,-0.542,-1.44,0.45,0.992
"ARPC2","O15144","8.28e-01","9.01e-01","9.47e-01",FALSE,FALSE,FALSE,FALSE,-1.35,-1.94,-0.585,-1.1,0.255,0.84
"ARPC3","O15145","9.27e-01","9.00e-01","9.10e-01",FALSE,FALSE,FALSE,FALSE,-0.489,-1.83,-1.34,-0.773,-0.283,1.06
"ARSA","P15289","5.17e-01","9.48e-01","9.09e-01",FALSE,FALSE,FALSE,FALSE,2.72,1.17,-1.55,1.3,-1.43,0.126
"ARSB","P15848","9.27e-01","9.55e-01","9.12e-01",FALSE,FALSE,FALSE,FALSE,0.772,-1.3,-2.07,-0.177,-0.949,1.13
"ASAH1","Q13510","6.13e-01","9.67e-01","8.55e-01",FALSE,FALSE,FALSE,FALSE,-1.3,-0.157,1.14,-0.485,0.813,-0.328
"ASS1","P00966","7.23e-01","9.67e-01","8.25e-01",FALSE,FALSE,FALSE,FALSE,-2.78,0.396,3.18,-0.795,1.99,-1.19
"ATG7","O95352","8.66e-01","9.42e-01","8.25e-01",FALSE,FALSE,FALSE,FALSE,-0.723,0.876,1.6,0.051,0.774,-0.825
"ATIC","P31939","6.66e-01","9.58e-01","9.11e-01",FALSE,FALSE,FALSE,FALSE,-1.63,-0.568,1.06,-0.734,0.899,-0.166
"ATP5B","P06576","9.37e-01","9.20e-01","8.55e-01",FALSE,FALSE,FALSE,FALSE,-0.225,1.03,1.25,0.267,0.492,-0.759
"ATP6AP1","Q15904","9.27e-01","9.34e-01","9.37e-01",FALSE,FALSE,FALSE,FALSE,0.47,1.29,0.823,0.588,0.118,-0.706
"ATP6V1A","P38606","9.15e-01","9.62e-01","9.59e-01",FALSE,FALSE,FALSE,FALSE,-0.424,-0.356,0.0676,-0.26,0.164,0.0962
"ATP6V1B2","P21281","8.26e-01","9.29e-01","9.58e-01",FALSE,FALSE,FALSE,FALSE,-1.07,-1.18,-0.113,-0.751,0.319,0.432
"ATP6V1F","Q16864","9.11e-01","9.57e-01","9.59e-01",FALSE,FALSE,FALSE,FALSE,-0.521,-0.589,-0.0675,-0.37,0.151,0.219
"B2M","P61769","9.45e-01","8.92e-01","8.79e-01",FALSE,FALSE,FALSE,FALSE,0.142,1.28,1.14,0.475,0.333,-0.809
"B4GALT1","P15291","9.44e-01","7.71e-01","7.62e-01",FALSE,FALSE,FALSE,FALSE,0.146,1.67,1.52,0.605,0.459,-1.06
"B4GAT1","O43505","7.80e-01","9.65e-01","8.38e-01",FALSE,FALSE,FALSE,FALSE,-2.12,0.53,2.65,-0.529,1.59,-1.06
"BAG2","O95816","9.52e-01","9.41e-01","9.22e-01",FALSE,FALSE,FALSE,FALSE,-0.0467,-0.888,-0.842,-0.312,-0.265,0.577
"BANF1","O75531","9.16e-01","9.55e-01","9.57e-01",FALSE,FALSE,FALSE,FALSE,-0.755,-0.981,-0.227,-0.579,0.176,0.403
"BGN","P21810","9.20e-01","9.55e-01","9.08e-01",FALSE,FALSE,FALSE,FALSE,0.472,-0.665,-1.14,-0.064,-0.536,0.6
"BIN1","O00499","6.63e-01","9.57e-01","9.13e-01",FALSE,FALSE,FALSE,FALSE,-1.78,-0.651,1.13,-0.81,0.969,-0.159
"BMP1","P13497","9.54e-01","9.69e-01","9.58e-01",FALSE,FALSE,FALSE,FALSE,-0.01,-0.0822,-0.0722,-0.0307,-0.0207,0.0514
"BTD","P43251","4.91e-01","9.49e-01","4.98e-01",FALSE,FALSE,FALSE,FALSE,-2.68,1.08,3.76,-0.533,2.15,-1.61
"BZW1","Q7L1Q6","7.05e-01","9.60e-01","9.12e-01",FALSE,FALSE,FALSE,FALSE,-1.98,-0.635,1.34,-0.87,1.11,-0.235
"C14orf166","Q9Y224","9.26e-01","9.55e-01","9.54e-01",FALSE,FALSE,FALSE,FALSE,-0.336,-0.551,-0.215,-0.296,0.0402,0.255
"C1R","P00736","9.18e-01","9.71e-01","9.45e-01",FALSE,FALSE,FALSE,FALSE,-0.428,0.0147,0.443,-0.138,0.29,-0.152
"C1S","P09871","9.54e-01","9.46e-01","9.27e-01",FALSE,FALSE,FALSE,FALSE,0.0099,0.825,0.815,0.278,0.268,-0.547
"C3","P01024","8.99e-01","7.02e-01","4.02e-01",FALSE,FALSE,FALSE,FALSE,-1.12,4.42,5.54,1.1,2.22,-3.32
"CA12","O43570","8.89e-01","9.15e-01","7.61e-01",FALSE,FALSE,FALSE,FALSE,0.679,-1.35,-2.03,-0.224,-0.903,1.13
"CALB2","P22676","9.25e-01","9.04e-01","7.98e-01",FALSE,FALSE,FALSE,FALSE,-0.709,2.48,3.19,0.59,1.3,-1.89
"CALD1","Q05682","9.12e-01","8.48e-01","8.85e-01",FALSE,FALSE,FALSE,FALSE,-0.408,-1.45,-1.04,-0.619,-0.211,0.83
"CALM1","P62158","9.54e-01","9.62e-01","9.48e-01",FALSE,FALSE,FALSE,FALSE,-0.00433,-0.307,-0.302,-0.104,-0.0994,0.203
"CALR","P27797","8.95e-01","9.22e-01","9.40e-01",FALSE,FALSE,FALSE,FALSE,-0.46,-0.907,-0.447,-0.456,0.00426,0.451
"CALU","O43852","9.17e-01","9.68e-01","9.52e-01",FALSE,FALSE,FALSE,FALSE,0.352,0.122,-0.231,0.158,-0.194,0.0363
"CAND1","Q86VP6","9.03e-01","9.57e-01","9.60e-01",FALSE,FALSE,FALSE,FALSE,-0.588,-0.608,-0.0201,-0.398,0.189,0.209
"CAP1","Q01518","9.42e-01","7.32e-01","7.33e-01",FALSE,FALSE,FALSE,FALSE,-0.176,-1.86,-1.68,-0.678,-0.503,1.18
"CAPN1","P07384","9.01e-01","7.61e-01","8.43e-01",FALSE,FALSE,FALSE,FALSE,-0.41,-1.52,-1.11,-0.643,-0.233,0.877
"CAPN2","P17655","9.08e-01","9.15e-01","9.32e-01",FALSE,FALSE,FALSE,FALSE,-0.421,-1.01,-0.589,-0.477,-0.0561,0.533
"CAPNS1","P04632","8.36e-01","9.56e-01","9.51e-01",FALSE,FALSE,FALSE,FALSE,-1.64,-1.07,0.574,-0.903,0.738,0.165
"CAPRIN1","Q14444","9.32e-01","9.71e-01","9.52e-01",FALSE,FALSE,FALSE,FALSE,0.368,0.0227,-0.345,0.13,-0.238,0.107
"CAPZA2","P47755","8.32e-01","9.22e-01","9.54e-01",FALSE,FALSE,FALSE,FALSE,0.767,0.962,0.195,0.576,-0.191,-0.386
"CAPZB","P47756","9.04e-01","9.55e-01","9.59e-01",FALSE,FALSE,FALSE,FALSE,-0.363,-0.401,-0.0371,-0.255,0.109,0.146
"CARS","P49589","8.09e-01","9.24e-01","9.59e-01",FALSE,FALSE,FALSE,FALSE,0.939,0.982,0.0423,0.64,-0.299,-0.341
"CASQ2","O14958","9.47e-01","9.09e-01","8.56e-01",FALSE,FALSE,FALSE,FALSE,0.169,-1.61,-1.78,-0.479,-0.648,1.13
"CAT","P04040","8.67e-01","9.65e-01","9.08e-01",FALSE,FALSE,FALSE,FALSE,-0.882,0.372,1.25,-0.17,0.712,-0.542
"CCDC80","Q76M96","9.18e-01","8.25e-01","8.65e-01",FALSE,FALSE,FALSE,FALSE,0.359,1.47,1.12,0.611,0.252,-0.863
"CCT2","P78371","8.67e-01","9.60e-01","9.53e-01",FALSE,FALSE,FALSE,FALSE,-0.906,-0.575,0.331,-0.494,0.412,0.0815
"CCT5","P48643","8.45e-01","9.57e-01","9.53e-01",FALSE,FALSE,FALSE,FALSE,-1.06,-0.716,0.345,-0.593,0.469,0.124
"CCT6A","P40227","9.41e-01","9.50e-01","9.15e-01",FALSE,FALSE,FALSE,FALSE,0.412,-1.33,-1.75,-0.308,-0.72,1.03
"CCT7","Q99832","5.72e-01","8.54e-01","9.60e-01",FALSE,FALSE,FALSE,FALSE,-2.02,-2,0.0233,-1.34,0.681,0.658
"CCT8","P50990","8.66e-01","9.69e-01","9.38e-01",FALSE,FALSE,FALSE,FALSE,-0.872,-0.136,0.735,-0.336,0.536,-0.2
"CD109","Q6YHK3","9.40e-01","9.28e-01","9.21e-01",FALSE,FALSE,FALSE,FALSE,0.202,0.985,0.783,0.396,0.194,-0.589
"CD36","P16671","8.56e-01","9.54e-01","8.63e-01",FALSE,FALSE,FALSE,FALSE,0.968,-0.807,-1.77,0.0534,-0.914,0.861
"CDC42","P60953","9.14e-01","9.60e-01","9.60e-01",FALSE,FALSE,FALSE,FALSE,-0.581,-0.576,0.00513,-0.386,0.195,0.19
"CDH11","P55287","8.75e-01","8.37e-01","9.02e-01",FALSE,FALSE,FALSE,FALSE,-0.836,-2.16,-1.32,-0.999,-0.163,1.16
"CDH13","P55290","8.95e-01","9.22e-01","7.90e-01",FALSE,FALSE,FALSE,FALSE,0.855,-1.68,-2.53,-0.274,-1.13,1.4
"CEMIP","Q8WUJ3","9.35e-01","9.62e-01","9.57e-01",FALSE,FALSE,FALSE,FALSE,0.438,0.61,0.172,0.35,-0.0889,-0.261
"CES1","P23141","5.90e-01","5.91e-01","9.24e-01",FALSE,FALSE,FALSE,FALSE,-2.23,-3.33,-1.1,-1.86,0.375,1.48
"CFD","P00746","9.52e-01","6.74e-02","8.29e-02",FALSE,FALSE,FALSE,FALSE,0.078,5.48,5.4,1.85,1.77,-3.63
"CFL1","P23528","8.71e-01","9.56e-01","9.57e-01",FALSE,FALSE,FALSE,FALSE,-0.557,-0.463,0.0943,-0.34,0.217,0.123
"CHI3L2","Q15782","8.25e-01","9.56e-01","8.34e-01",FALSE,FALSE,FALSE,FALSE,-1.74,1.03,2.77,-0.237,1.5,-1.27
"CHID1","Q9BWS9","9.34e-01","9.71e-01","9.53e-01",FALSE,FALSE,FALSE,FALSE,-0.507,-0.0852,0.422,-0.197,0.31,-0.112
"CKB","P12277","8.25e-01","9.52e-01","8.11e-01",FALSE,FALSE,FALSE,FALSE,-0.708,0.489,1.2,-0.0729,0.635,-0.562
"CLEC11A","Q9Y240","9.41e-01","9.36e-01","8.91e-01",FALSE,FALSE,FALSE,FALSE,-0.23,1.05,1.28,0.274,0.504,-0.777
"CLEC3B","P05452","7.87e-01","9.55e-01","9.39e-01",FALSE,FALSE,FALSE,FALSE,-1.29,-0.648,0.641,-0.646,0.643,0.00218
"CLSTN1","O94985","8.76e-01","9.54e-01","8.75e-01",FALSE,FALSE,FALSE,FALSE,-0.523,0.48,1,-0.0141,0.509,-0.495
"CLTC","Q00610","9.13e-01","9.25e-01","9.36e-01",FALSE,FALSE,FALSE,FALSE,-0.388,-0.905,-0.517,-0.431,-0.0429,0.474
"CLU","P10909","9.44e-01","7.29e-02","1.08e-01",FALSE,FALSE,FALSE,FALSE,0.16,3.5,3.34,1.22,1.06,-2.28
"CMBL","Q96DG6","8.23e-01","9.59e-01","8.45e-01",FALSE,FALSE,FALSE,FALSE,-1.07,0.532,1.61,-0.181,0.893,-0.712
"CMPK1","P30085","8.51e-01","9.67e-01","9.41e-01",FALSE,FALSE,FALSE,FALSE,-0.809,-0.238,0.571,-0.349,0.46,-0.111
"CNDP2","Q96KP4","8.96e-01","9.44e-01","8.58e-01",FALSE,FALSE,FALSE,FALSE,-0.726,1.04,1.76,0.104,0.83,-0.934
"CNN1","P51911","9.47e-01","9.39e-01","9.26e-01",FALSE,FALSE,FALSE,FALSE,-0.178,-1.26,-1.08,-0.48,-0.302,0.782
"CNN3","Q15417","8.83e-01","9.64e-01","9.50e-01",FALSE,FALSE,FALSE,FALSE,-0.576,-0.281,0.296,-0.286,0.291,-0.00501
"CNPY2","Q9Y2B0","8.48e-01","9.45e-01","9.60e-01",FALSE,FALSE,FALSE,FALSE,-1.32,-1.34,-0.0209,-0.889,0.434,0.455
"COL11A1","P12107","9.53e-01","9.38e-01","9.17e-01",FALSE,FALSE,FALSE,FALSE,0.0597,2.55,2.49,0.87,0.81,-1.68
"COL12A1","Q99715","9.03e-01","9.69e-01","9.34e-01",FALSE,FALSE,FALSE,FALSE,0.626,-0.152,-0.779,0.158,-0.468,0.31
"COL14A1","Q05707","9.28e-01","9.03e-01","9.11e-01",FALSE,FALSE,FALSE,FALSE,0.519,1.95,1.43,0.824,0.305,-1.13
"COL15A1","P39059","9.20e-01","9.52e-01","9.53e-01",FALSE,FALSE,FALSE,FALSE,-1.06,-1.7,-0.64,-0.919,0.14,0.779
"COL1A1","P02452","9.52e-01","9.38e-01","9.19e-01",FALSE,FALSE,FALSE,FALSE,-0.0625,-1.32,-1.25,-0.46,-0.397,0.857
"COL1A2","P08123","9.50e-01","9.37e-01","9.22e-01",FALSE,FALSE,FALSE,FALSE,0.111,1.16,1.05,0.423,0.311,-0.734
"COL3A1","P02461","9.47e-01","9.31e-01","8.92e-01",FALSE,FALSE,FALSE,FALSE,-0.206,1.54,1.75,0.446,0.652,-1.1
"COL4A1","P02462","8.05e-01","8.33e-01","9.34e-01",FALSE,FALSE,FALSE,FALSE,-1.77,-2.83,-1.07,-1.53,0.234,1.3
"COL4A2","P08572","9.03e-01","8.41e-01","8.88e-01",FALSE,FALSE,FALSE,FALSE,-0.75,-2.43,-1.68,-1.06,-0.308,1.37
"COL5A1","P20908","9.52e-01","9.68e-01","9.54e-01",FALSE,FALSE,FALSE,FALSE,0.0467,-0.191,-0.238,-0.0481,-0.0948,0.143
"COL5A2","P05997","9.53e-01","9.39e-01","9.19e-01",FALSE,FALSE,FALSE,FALSE,0.031,1.04,1,0.356,0.325,-0.68
"COL5A3","P25940","8.52e-01","9.51e-01","9.58e-01",FALSE,FALSE,FALSE,FALSE,-0.847,-0.76,0.0873,-0.535,0.311,0.224
"COL6A1","P12109","9.53e-01","8.69e-01","8.20e-01",FALSE,FALSE,FALSE,FALSE,-0.0246,1.4,1.42,0.458,0.483,-0.941
"COL6A2","P12110","9.49e-01","9.60e-01","9.40e-01",FALSE,FALSE,FALSE,FALSE,-0.0805,0.346,0.426,0.0885,0.169,-0.257
"COL6A3","P12111","9.52e-01","9.30e-01","8.99e-01",FALSE,FALSE,FALSE,FALSE,0.0442,-0.972,-1.02,-0.309,-0.353,0.663
"COLGALT1","Q8NBJ5","9.26e-01","9.70e-01","9.47e-01",FALSE,FALSE,FALSE,FALSE,-0.326,0.049,0.375,-0.0925,0.234,-0.141
"COMP","P49747","9.53e-01","9.33e-01","9.11e-01",FALSE,FALSE,FALSE,FALSE,0.0322,1.41,1.38,0.481,0.449,-0.93
"CON__ENSEMBL:ENSBTAP00000018229","CON__ENSEMBL:ENSBTAP00000018229","7.59e-01","9.69e-01","8.56e-01",FALSE,FALSE,FALSE,FALSE,-1.44,0.144,1.58,-0.431,1,-0.574
"CON__ENSEMBL:ENSBTAP00000024146","CON__ENSEMBL:ENSBTAP00000024146","8.32e-01","9.50e-01","9.55e-01",FALSE,FALSE,FALSE,FALSE,-1.48,-1.16,0.32,-0.88,0.6,0.28
"CON__P00761","CON__P00761","9.36e-01","8.71e-01","8.75e-01",FALSE,FALSE,FALSE,FALSE,0.329,1.92,1.59,0.749,0.42,-1.17
"CON__P02662","CON__P02662","8.98e-01","9.41e-01","9.51e-01",FALSE,FALSE,FALSE,FALSE,0.589,0.91,0.321,0.5,-0.0891,-0.411
"CON__P02666","CON__P02666","9.17e-01","9.03e-01","9.19e-01",FALSE,FALSE,FALSE,FALSE,0.367,1.1,0.732,0.488,0.122,-0.61
"CON__P02754","CON__P02754","9.46e-01","9.26e-01","9.14e-01",FALSE,FALSE,FALSE,FALSE,0.33,2.45,2.12,0.927,0.597,-1.52
"CON__P02769","CON__P02769","8.98e-01","8.70e-01","6.56e-01",FALSE,FALSE,FALSE,FALSE,-0.563,1.57,2.13,0.334,0.897,-1.23
"CON__P12763","CON__P12763","8.82e-01","8.35e-01","8.97e-01",FALSE,FALSE,FALSE,FALSE,0.601,1.64,1.04,0.747,0.146,-0.893
"CON__P15497","CON__P15497","8.65e-01","9.69e-01","9.21e-01",FALSE,FALSE,FALSE,FALSE,-0.828,0.155,0.983,-0.225,0.604,-0.379
"CON__P34955","CON__P34955","8.52e-01","7.33e-01","3.54e-01",FALSE,FALSE,FALSE,FALSE,-0.804,2.24,3.04,0.478,1.28,-1.76
"CON__Q2UVX4","CON__Q2UVX4","9.39e-01","9.64e-01","9.40e-01",FALSE,FALSE,FALSE,FALSE,-0.263,0.359,0.622,0.0322,0.295,-0.327
"CON__Q3SX09","CON__Q3SX09","9.05e-01","9.62e-01","9.57e-01",FALSE,FALSE,FALSE,FALSE,0.577,0.435,-0.142,0.337,-0.24,-0.0975
"CON__Q3SZR3","CON__Q3SZR3","9.19e-01","9.45e-01","8.81e-01",FALSE,FALSE,FALSE,FALSE,-0.628,1.21,1.84,0.193,0.821,-1.01
"CON__Q3T052","CON__Q3T052","9.43e-01","9.68e-01","9.49e-01",FALSE,FALSE,FALSE,FALSE,0.326,-0.319,-0.645,0.00238,-0.324,0.321
"CON__Q3ZBS7","CON__Q3ZBS7","8.91e-01","9.35e-01","9.49e-01",FALSE,FALSE,FALSE,FALSE,0.708,1.14,0.429,0.615,-0.093,-0.522
"CON__Q58D62","CON__Q58D62","8.75e-01","8.70e-01","6.10e-01",FALSE,FALSE,FALSE,FALSE,-0.878,2.04,2.92,0.387,1.27,-1.65
"COPB1","P53618","8.50e-01","9.44e-01","9.59e-01",FALSE,FALSE,FALSE,FALSE,-0.923,-0.98,-0.0567,-0.634,0.289,0.345
"COPB2","P35606","8.75e-01","9.40e-01","9.54e-01",FALSE,FALSE,FALSE,FALSE,-0.809,-1.07,-0.261,-0.626,0.183,0.443
"COPE","O14579","8.31e-01","8.99e-01","9.45e-01",FALSE,FALSE,FALSE,FALSE,-2.48,-3.69,-1.21,-2.06,0.421,1.63
"COPG1","Q9Y678","7.75e-01","9.56e-01","9.34e-01",FALSE,FALSE,FALSE,FALSE,-1.35,-0.617,0.736,-0.657,0.697,-0.0399
"COPS7A","Q9UBW8","8.29e-01","9.43e-01","9.58e-01",FALSE,FALSE,FALSE,FALSE,-1.07,-0.979,0.0946,-0.684,0.39,0.295
"CORO1B","Q9BR76","9.52e-01","9.65e-01","9.50e-01",FALSE,FALSE,FALSE,FALSE,-0.0971,0.486,0.583,0.13,0.227,-0.356
"CORO1C","Q9ULV4","8.06e-01","9.12e-01","9.56e-01",FALSE,FALSE,FALSE,FALSE,-2,-2.28,-0.278,-1.43,0.574,0.852
"COTL1","Q14019","9.09e-01","9.66e-01","9.53e-01",FALSE,FALSE,FALSE,FALSE,-0.385,-0.196,0.189,-0.193,0.191,0.00234
"CPE","P16870","9.52e-01","9.66e-01","9.52e-01",FALSE,FALSE,FALSE,FALSE,-0.0506,0.306,0.357,0.0852,0.136,-0.221
"CPM","P14384","8.34e-01","9.62e-01","8.75e-01",FALSE,FALSE,FALSE,FALSE,-0.984,0.44,1.42,-0.181,0.803,-0.621
"CPNE1","Q99829","9.52e-01","9.67e-01","9.57e-01",FALSE,FALSE,FALSE,FALSE,-0.0515,-0.189,-0.138,-0.0803,-0.0288,0.109
"CPPED1","Q9BRF8","9.06e-01","9.65e-01","9.55e-01",FALSE,FALSE,FALSE,FALSE,-0.545,-0.323,0.222,-0.289,0.256,0.0339
"CRLF1","O75462","9.43e-01","6.99e-02","5.46e-02",FALSE,FALSE,FALSE,FALSE,-0.196,4.16,4.36,1.32,1.52,-2.84
"CRTAP","O75718","9.42e-01","8.57e-01","8.50e-01",FALSE,FALSE,FALSE,FALSE,-0.171,-1.42,-1.25,-0.532,-0.361,0.893
"CS","O75390","8.22e-02","9.61e-01","7.32e-01",FALSE,FALSE,FALSE,FALSE,-3.62,-0.666,2.96,-1.43,2.19,-0.763
"CSF1","P09603","9.39e-01","6.90e-01","7.06e-01",FALSE,FALSE,FALSE,FALSE,0.199,1.9,1.7,0.698,0.499,-1.2
"CSNK2A1","P68400","9.34e-01","9.22e-01","8.51e-01",FALSE,FALSE,FALSE,FALSE,0.487,-1.87,-2.36,-0.461,-0.947,1.41
"CSRP1","P21291","9.43e-01","9.69e-01","9.51e-01",FALSE,FALSE,FALSE,FALSE,0.21,-0.128,-0.337,0.0274,-0.182,0.155
"CST3","P01034","9.48e-01","7.50e-01","7.23e-01",FALSE,FALSE,FALSE,FALSE,0.104,1.82,1.72,0.642,0.538,-1.18
"CSTB","P04080","9.54e-01","8.76e-01","8.33e-01",FALSE,FALSE,FALSE,FALSE,-0.00601,1.23,1.23,0.407,0.413,-0.821
"CTGF","P29279","9.30e-01","9.45e-01","9.44e-01",FALSE,FALSE,FALSE,FALSE,0.551,1.34,0.786,0.629,0.0781,-0.707
"CTNNB1","P35222","9.42e-01","9.63e-01","9.56e-01",FALSE,FALSE,FALSE,FALSE,0.224,0.41,0.186,0.211,-0.0127,-0.198
"CTSB","P07858","9.47e-01","6.91e-01","6.69e-01",FALSE,FALSE,FALSE,FALSE,0.125,2.1,1.98,0.742,0.617,-1.36
"CTSC","P53634","8.33e-01","8.35e-01","4.47e-01",FALSE,FALSE,FALSE,FALSE,-1.54,3.01,4.55,0.488,2.03,-2.52
"CTSD","P07339","9.53e-01","9.52e-01","9.36e-01",FALSE,FALSE,FALSE,FALSE,0.0357,0.647,0.612,0.228,0.192,-0.42
"CTSF","Q9UBX1","9.38e-01","8.41e-01","8.44e-01",FALSE,FALSE,FALSE,FALSE,0.35,2.44,2.09,0.931,0.58,-1.51
"CTSK","P43235","9.36e-01","5.82e-01","4.08e-01",FALSE,FALSE,FALSE,FALSE,-0.422,3.92,4.34,1.17,1.59,-2.75
"CTSL","P07711","9.49e-01","8.84e-01","8.25e-01",FALSE,FALSE,FALSE,FALSE,-0.174,2.59,2.77,0.807,0.981,-1.79
"CUL4B","Q13620","8.77e-01","9.04e-01","9.35e-01",FALSE,FALSE,FALSE,FALSE,-0.734,-1.46,-0.723,-0.73,0.00389,0.727
"CYCS","P99999","5.25e-01","9.51e-01","9.04e-01",FALSE,FALSE,FALSE,FALSE,-1.55,-0.615,0.938,-0.722,0.83,-0.108
"CYR61","O00622","8.24e-01","6.61e-01","8.68e-01",FALSE,FALSE,FALSE,FALSE,0.898,2.13,1.23,1.01,0.11,-1.12
"DAG1","Q14118","8.76e-01","9.47e-01","9.58e-01",FALSE,FALSE,FALSE,FALSE,0.661,0.763,0.102,0.475,-0.186,-0.288
"DBI","P07108","7.96e-01","9.56e-01","7.95e-01",FALSE,FALSE,FALSE,FALSE,-1.53,0.753,2.28,-0.259,1.27,-1.01
"DCN","P07585","9.32e-01","1.10e-01","1.99e-01",FALSE,FALSE,FALSE,FALSE,0.435,4.99,4.55,1.81,1.37,-3.18
"DCTN1","Q14203","9.01e-01","9.41e-01","8.52e-01",FALSE,FALSE,FALSE,FALSE,0.647,-1.05,-1.7,-0.135,-0.781,0.916
"DCTN2","Q13561","9.37e-01","9.55e-01","9.50e-01",FALSE,FALSE,FALSE,FALSE,0.316,0.728,0.412,0.348,0.0322,-0.38
"DDB1","Q16531","9.11e-01","9.68e-01","9.50e-01",FALSE,FALSE,FALSE,FALSE,-0.812,-0.263,0.548,-0.358,0.453,-0.0949
"DDX3X","O00571","9.52e-01","9.65e-01","9.53e-01",FALSE,FALSE,FALSE,FALSE,0.0642,0.403,0.339,0.156,0.0914,-0.247
"DHX9","Q08211","9.52e-01","9.24e-01","9.02e-01",FALSE,FALSE,FALSE,FALSE,-0.0636,-1.33,-1.27,-0.466,-0.402,0.868
"DKK3","Q9UBP4","8.51e-01","8.51e-01","5.18e-01",FALSE,FALSE,FALSE,FALSE,1.02,-2.2,-3.22,-0.394,-1.42,1.81
"DLD","P09622","8.36e-01","9.70e-01","9.25e-01",FALSE,FALSE,FALSE,FALSE,-1.66,-0.142,1.52,-0.601,1.06,-0.459
"DNAJC3","Q13217","7.78e-01","9.31e-01","9.55e-01",FALSE,FALSE,FALSE,FALSE,-1.26,-1.06,0.202,-0.774,0.488,0.286
"DNM1L","O00429","8.41e-01","9.44e-01","9.60e-01",FALSE,FALSE,FALSE,FALSE,-0.987,-0.973,0.0141,-0.653,0.334,0.32
"DNPEP","Q9ULA0","9.25e-01","9.67e-01","9.38e-01",FALSE,FALSE,FALSE,FALSE,0.573,-0.315,-0.888,0.0862,-0.487,0.401
"DPP3","Q9NY33","9.12e-01","9.59e-01","9.13e-01",FALSE,FALSE,FALSE,FALSE,-0.35,0.346,0.697,-0.00129,0.349,-0.348
"DPT","Q07507","9.44e-01","5.69e-01","4.35e-01",FALSE,FALSE,FALSE,FALSE,-0.152,2.2,2.35,0.682,0.834,-1.52
"DPYSL2","Q16555","7.90e-01","8.80e-01","9.50e-01",FALSE,FALSE,FALSE,FALSE,-1.19,-1.53,-0.34,-0.908,0.284,0.624
"DSTN","P60981","8.56e-01","9.21e-01","9.47e-01",FALSE,FALSE,FALSE,FALSE,-1.46,-2.24,-0.779,-1.24,0.228,1.01
"DYNC1H1","Q14204","9.32e-01","9.38e-01","9.37e-01",FALSE,FALSE,FALSE,FALSE,-0.537,-1.61,-1.07,-0.716,-0.179,0.895
"ECH1","Q13011","8.31e-01","9.67e-01","9.33e-01",FALSE,FALSE,FALSE,FALSE,-2.01,-0.496,1.52,-0.836,1.18,-0.34
"ECHDC1","Q9NTX5","8.16e-01","9.28e-01","6.72e-01",FALSE,FALSE,FALSE,FALSE,-1.51,1.55,3.07,0.0145,1.53,-1.54
"ECM1","Q16610","9.23e-01","9.70e-01","9.43e-01",FALSE,FALSE,FALSE,FALSE,0.341,-0.084,-0.425,0.0857,-0.255,0.17
"ECM2","O94769","9.45e-01","8.82e-01","8.07e-01",FALSE,FALSE,FALSE,FALSE,-0.227,2.06,2.28,0.609,0.836,-1.45
"EEF1A1P5","Q5VTE0","9.08e-01","8.44e-01","8.87e-01",FALSE,FALSE,FALSE,FALSE,0.37,1.25,0.879,0.54,0.17,-0.709
"EEF1G","P26641","7.57e-01","9.34e-01","9.51e-01",FALSE,FALSE,FALSE,FALSE,-1.05,-0.805,0.241,-0.617,0.429,0.188
"EEF2","P13639","8.28e-01","9.63e-01","9.39e-01",FALSE,FALSE,FALSE,FALSE,-0.889,-0.337,0.552,-0.409,0.48,-0.0716
"EFEMP1","Q12805","9.54e-01","9.66e-01","9.53e-01",FALSE,FALSE,FALSE,FALSE,0.0172,0.299,0.281,0.105,0.0881,-0.193
"EFEMP2","O95967","8.51e-01","7.11e-01","8.57e-01",FALSE,FALSE,FALSE,FALSE,-1,-2.82,-1.82,-1.27,-0.272,1.54
"EHD1","Q9H4M9","9.27e-01","7.73e-01","8.12e-01",FALSE,FALSE,FALSE,FALSE,-0.302,-1.67,-1.37,-0.657,-0.355,1.01
"EHD2","Q9NZN4","8.98e-01","9.31e-01","9.45e-01",FALSE,FALSE,FALSE,FALSE,-0.437,-0.791,-0.354,-0.409,0.0275,0.382
"EIF3H","O15372","8.28e-01","7.87e-01","9.08e-01",FALSE,FALSE,FALSE,FALSE,-0.877,-1.82,-0.946,-0.9,-0.0228,0.923
"EIF4A1","P60842","9.31e-01","9.69e-01","9.45e-01",FALSE,FALSE,FALSE,FALSE,-0.299,0.121,0.42,-0.0592,0.24,-0.181
"EIF4H","Q15056","9.41e-01","4.09e-01","2.89e-01",FALSE,FALSE,FALSE,FALSE,-0.329,4.28,4.61,1.32,1.65,-2.96
"EIF5A","P63241","9.06e-01","9.06e-01","7.64e-01",FALSE,FALSE,FALSE,FALSE,-0.456,1.15,1.6,0.231,0.686,-0.917
"EMILIN1","Q9Y6C2","9.34e-01","9.65e-01","9.38e-01",FALSE,FALSE,FALSE,FALSE,0.669,-0.684,-1.35,-0.00498,-0.674,0.679
"ENO1","P06733","8.47e-01","9.62e-01","9.47e-01",FALSE,FALSE,FALSE,FALSE,-0.573,-0.286,0.287,-0.286,0.286,-0.000289
"ENO2","P09104","6.32e-01","6.68e-01","9.31e-01",FALSE,FALSE,FALSE,FALSE,-2.57,-3.74,-1.17,-2.1,0.466,1.64
"EPRS","P07814","9.52e-01","9.68e-01","9.57e-01",FALSE,FALSE,FALSE,FALSE,-0.0717,-0.306,-0.235,-0.126,-0.0543,0.18
"ERAP1","Q9NZ08","8.31e-01","9.23e-01","9.54e-01",FALSE,FALSE,FALSE,FALSE,-0.775,-0.953,-0.178,-0.576,0.199,0.377
"ERO1L","Q96HE7","9.23e-01","9.55e-01","9.09e-01",FALSE,FALSE,FALSE,FALSE,0.482,-0.742,-1.22,-0.0866,-0.569,0.656
"ERP29","P30040","9.12e-01","7.40e-01","4.73e-01",FALSE,FALSE,FALSE,FALSE,0.633,-2.78,-3.41,-0.715,-1.35,2.06
"ERP44","Q9BS26","9.50e-01","9.48e-01","9.33e-01",FALSE,FALSE,FALSE,FALSE,-0.101,-1.02,-0.919,-0.374,-0.273,0.646
"EZR","P15311","9.07e-01","9.11e-01","9.29e-01",FALSE,FALSE,FALSE,FALSE,-0.792,-1.95,-1.16,-0.913,-0.121,1.03
"FABP4","P15090","9.23e-01","9.51e-01","9.00e-01",FALSE,FALSE,FALSE,FALSE,-0.607,1.05,1.65,0.147,0.753,-0.9
"FABP5","Q01469","9.41e-01","9.00e-01","8.26e-01",FALSE,FALSE,FALSE,FALSE,-0.316,1.98,2.3,0.555,0.871,-1.43
"FAH","P16930","8.44e-01","9.59e-01","8.72e-01",FALSE,FALSE,FALSE,FALSE,-1.18,0.693,1.87,-0.163,1.02,-0.856
"FAM114A1","Q8IWE2","9.40e-01","9.62e-01","9.56e-01",FALSE,FALSE,FALSE,FALSE,-0.287,-0.492,-0.205,-0.26,0.0273,0.232
"FAM129B","Q96TA1","8.91e-01","9.43e-01","9.53e-01",FALSE,FALSE,FALSE,FALSE,-0.795,-1.11,-0.317,-0.636,0.159,0.476
"FAM3C","Q92520","9.35e-01","9.12e-01","9.12e-01",FALSE,FALSE,FALSE,FALSE,0.49,2.19,1.7,0.892,0.402,-1.29
"FASN","P49327","9.00e-01","9.68e-01","9.31e-01",FALSE,FALSE,FALSE,FALSE,-1.03,0.317,1.34,-0.236,0.789,-0.553
"FAT1","Q14517","9.42e-01","9.58e-01","9.50e-01",FALSE,FALSE,FALSE,FALSE,-0.307,-0.819,-0.512,-0.375,-0.0682,0.444
"FBLN1","P23142","9.31e-01","9.52e-01","9.49e-01",FALSE,FALSE,FALSE,FALSE,0.328,0.685,0.357,0.338,0.0099,-0.347
"FBLN2","P98095","9.48e-01","9.62e-01","9.52e-01",FALSE,FALSE,FALSE,FALSE,0.149,0.502,0.353,0.217,0.068,-0.285
"FBLN5","Q9UBX5","9.04e-01","9.59e-01","9.59e-01",FALSE,FALSE,FALSE,FALSE,0.463,0.425,-0.0377,0.296,-0.167,-0.129
"FBN1","P35555","8.47e-01","7.40e-01","8.73e-01",FALSE,FALSE,FALSE,FALSE,1.01,2.66,1.65,1.23,0.211,-1.44
"FBN2","P35556","9.31e-01","7.17e-01","7.59e-01",FALSE,FALSE,FALSE,FALSE,0.495,3.28,2.79,1.26,0.763,-2.02
"FERMT2","Q96AC1","8.18e-01","9.48e-01","9.52e-01",FALSE,FALSE,FALSE,FALSE,-0.924,-0.671,0.253,-0.532,0.392,0.139
"FH","P07954","5.31e-01","8.20e-01","9.58e-01",FALSE,FALSE,FALSE,FALSE,-2.95,-3.09,-0.147,-2.01,0.933,1.08
"FKBP10","Q96AY3","9.35e-01","6.83e-01","7.16e-01",FALSE,FALSE,FALSE,FALSE,-0.224,-1.79,-1.57,-0.673,-0.449,1.12
"FKBP1A","P62942","8.44e-01","9.35e-01","9.56e-01",FALSE,FALSE,FALSE,FALSE,-1.07,-1.27,-0.197,-0.78,0.292,0.488
"FKBP2","P26885","9.48e-01","7.04e-01","6.74e-01",FALSE,FALSE,FALSE,FALSE,-0.144,-2.81,-2.66,-0.984,-0.84,1.82
"FKBP5","Q13451","6.70e-01","9.57e-01","6.89e-01",FALSE,FALSE,FALSE,FALSE,-2.34,0.869,3.2,-0.489,1.85,-1.36
"FKBP7","Q9Y680","9.01e-01","9.26e-01","8.12e-01",FALSE,FALSE,FALSE,FALSE,0.57,-1.14,-1.71,-0.19,-0.76,0.951
"FKBP9","O95302","8.82e-01","9.10e-01","9.37e-01",FALSE,FALSE,FALSE,FALSE,-0.478,-0.935,-0.458,-0.471,0.00661,0.464
"FLNA","P21333","9.27e-01","5.70e-01","6.50e-01",FALSE,FALSE,FALSE,FALSE,-0.421,-2.94,-2.52,-1.12,-0.701,1.82
"FLNB","O75369","9.40e-01","9.36e-01","9.30e-01",FALSE,FALSE,FALSE,FALSE,-0.501,-2.14,-1.64,-0.882,-0.38,1.26
"FLNC","Q14315","9.37e-01","7.50e-01","7.66e-01",FALSE,FALSE,FALSE,FALSE,-0.476,-3.85,-3.38,-1.44,-0.967,2.41
"FMOD","Q06828","9.26e-01","4.10e-01","5.17e-01",FALSE,FALSE,FALSE,FALSE,0.568,4.33,3.76,1.63,1.06,-2.7
"FN1","P02751","9.49e-01","7.44e-01","6.34e-01",FALSE,FALSE,FALSE,FALSE,0.143,-2.95,-3.09,-0.935,-1.08,2.01
"FNTA","P49354","6.29e-01","9.68e-01","8.52e-01",FALSE,FALSE,FALSE,FALSE,-1.13,-0.104,1.03,-0.411,0.719,-0.307
"FRAS1","Q86XX4","9.01e-01","7.86e-01","5.01e-01",FALSE,FALSE,FALSE,FALSE,-0.454,1.61,2.07,0.386,0.84,-1.23
"FSCN1","Q16658","8.24e-01","9.70e-01","9.02e-01",FALSE,FALSE,FALSE,FALSE,-2.01,0.191,2.2,-0.605,1.4,-0.796
"FST","P19883","8.97e-01","9.68e-01","9.47e-01",FALSE,FALSE,FALSE,FALSE,-0.599,-0.166,0.433,-0.255,0.344,-0.0889
"FSTL1","Q12841","9.47e-01","8.39e-01","8.18e-01",FALSE,FALSE,FALSE,FALSE,0.166,2.27,2.11,0.813,0.648,-1.46
"FUCA2","Q9BTY2","9.42e-01","8.99e-01","8.27e-01",FALSE,FALSE,FALSE,FALSE,-0.319,2.18,2.5,0.622,0.941,-1.56
"G6PD","P11413","8.49e-01","9.52e-01","9.57e-01",FALSE,FALSE,FALSE,FALSE,-0.841,-0.716,0.125,-0.519,0.322,0.197
"GAA","P10253","9.23e-01","9.23e-01","8.36e-01",FALSE,FALSE,FALSE,FALSE,-0.485,1.39,1.87,0.301,0.785,-1.09
"GALC","P54803","8.74e-01","9.38e-01","8.17e-01",FALSE,FALSE,FALSE,FALSE,-0.689,0.941,1.63,0.0841,0.773,-0.857
"GALNT10","Q86SR1","8.08e-01","9.71e-01","9.04e-01",FALSE,FALSE,FALSE,FALSE,-1.15,-0.0372,1.12,-0.397,0.756,-0.36
"GALNT2","Q10471","8.49e-01","9.58e-01","8.73e-01",FALSE,FALSE,FALSE,FALSE,-1.17,0.755,1.93,-0.139,1.03,-0.894
"GANAB","Q14697","9.52e-01","9.69e-01","9.58e-01",FALSE,FALSE,FALSE,FALSE,-0.0431,-0.11,-0.0669,-0.051,-0.00794,0.0589
"GAPDH","P04406","9.54e-01","9.51e-01","9.32e-01",FALSE,FALSE,FALSE,FALSE,-0.00135,-0.534,-0.533,-0.178,-0.177,0.356
"GARS","P41250","8.50e-01","9.25e-01","9.51e-01",FALSE,FALSE,FALSE,FALSE,-0.886,-1.25,-0.361,-0.711,0.175,0.536
"GART","P22102","9.48e-01","9.65e-01","9.48e-01",FALSE,FALSE,FALSE,FALSE,-0.124,0.302,0.426,0.059,0.184,-0.243
"GAS6","Q14393","9.48e-01","9.35e-01","9.01e-01",FALSE,FALSE,FALSE,FALSE,-0.162,1.46,1.62,0.433,0.595,-1.03
"GBA","P04062","8.91e-01","9.70e-01","9.42e-01",FALSE,FALSE,FALSE,FALSE,-0.968,-0.139,0.828,-0.369,0.599,-0.23
"GBE1","Q04446","8.36e-01","9.61e-01","9.45e-01",FALSE,FALSE,FALSE,FALSE,-1.02,-0.485,0.538,-0.503,0.52,-0.0177
"GDI1","P31150","7.00e-01","9.63e-01","9.02e-01",FALSE,FALSE,FALSE,FALSE,-1.98,-0.5,1.48,-0.826,1.15,-0.326
"GDI2","P50395","7.23e-01","9.41e-01","9.43e-01",FALSE,FALSE,FALSE,FALSE,-1.23,-0.779,0.455,-0.671,0.563,0.108
"GFPT1","Q06210","9.49e-01","9.63e-01","9.44e-01",FALSE,FALSE,FALSE,FALSE,-0.177,0.673,0.85,0.165,0.342,-0.508
"GGH","Q92820","8.50e-01","9.70e-01","9.33e-01",FALSE,FALSE,FALSE,FALSE,-0.9,-0.114,0.786,-0.338,0.562,-0.224
"GLB1","P16278","9.46e-01","8.88e-01","8.23e-01",FALSE,FALSE,FALSE,FALSE,-0.144,1.51,1.65,0.454,0.598,-1.05
"GLO1","Q04760","8.40e-01","9.64e-01","9.41e-01",FALSE,FALSE,FALSE,FALSE,-0.779,-0.292,0.486,-0.357,0.422,-0.0647
"GLRX3","O76003","9.34e-01","9.48e-01","9.04e-01",FALSE,FALSE,FALSE,FALSE,-0.332,0.872,1.2,0.18,0.512,-0.692
"GNAI3","P08754","9.54e-01","9.54e-01","9.36e-01",FALSE,FALSE,FALSE,FALSE,-0.0107,0.819,0.83,0.269,0.28,-0.55
"GNB1","P62873","9.45e-01","9.71e-01","9.57e-01",FALSE,FALSE,FALSE,FALSE,0.135,0.0313,-0.104,0.0555,-0.0798,0.0243
"GNS","P15586","9.32e-01","9.39e-01","8.83e-01",FALSE,FALSE,FALSE,FALSE,-0.262,0.751,1.01,0.163,0.425,-0.588
"GPC1","P35052","8.00e-01","5.52e-01","8.55e-01",FALSE,FALSE,FALSE,FALSE,-1.05,-2.37,-1.32,-1.14,-0.0907,1.23
"GPD1","P21695","8.94e-01","9.02e-01","7.32e-01",FALSE,FALSE,FALSE,FALSE,-0.971,2.22,3.19,0.415,1.39,-1.8
"GPI","P06744","7.42e-01","9.21e-01","9.55e-01",FALSE,FALSE,FALSE,FALSE,-1.11,-0.959,0.151,-0.689,0.42,0.269
"GPX3","P22352","9.20e-01","1.28e-01","2.70e-01",FALSE,FALSE,FALSE,FALSE,0.455,3.79,3.34,1.42,0.96,-2.38
"GSN","P06396","9.37e-01","8.76e-01","7.73e-01",FALSE,FALSE,FALSE,FALSE,-0.197,1.16,1.36,0.321,0.518,-0.839
"GSPT1","P15170","9.29e-01","8.57e-01","7.12e-01",FALSE,FALSE,FALSE,FALSE,-0.344,1.66,2,0.438,0.782,-1.22
"GSS","P48637","7.73e-01","9.46e-01","9.46e-01",FALSE,FALSE,FALSE,FALSE,-1.26,-0.81,0.451,-0.691,0.571,0.12
"GSTP1","P09211","8.82e-01","9.59e-01","8.94e-01",FALSE,FALSE,FALSE,FALSE,-0.465,0.358,0.823,-0.0354,0.429,-0.394
"HADH","Q16836","8.23e-01","9.66e-01","8.83e-01",FALSE,FALSE,FALSE,FALSE,-2.7,0.664,3.36,-0.679,2.02,-1.34
"HARS","P12081","8.27e-01","8.45e-01","9.29e-01",FALSE,FALSE,FALSE,FALSE,-1.51,-2.69,-1.18,-1.4,0.107,1.29
"HEBP2","Q9Y5Z4","9.16e-01","9.46e-01","8.81e-01",FALSE,FALSE,FALSE,FALSE,-0.573,1.01,1.59,0.147,0.72,-0.866
"HEXA","P06865","9.45e-01","8.98e-01","8.85e-01",FALSE,FALSE,FALSE,FALSE,0.161,1.41,1.25,0.523,0.362,-0.885
"HEXB","P07686","8.47e-01","9.43e-01","8.07e-01",FALSE,FALSE,FALSE,FALSE,-0.644,0.678,1.32,0.0112,0.655,-0.666
"HIST1H2AJ","Q99878","9.08e-01","9.71e-01","9.43e-01",FALSE,FALSE,FALSE,FALSE,0.509,0.0119,-0.498,0.174,-0.336,0.162
"HIST1H2BL","Q99880","8.86e-01","9.68e-01","9.45e-01",FALSE,FALSE,FALSE,FALSE,0.54,0.142,-0.398,0.227,-0.312,0.0851
"HIST1H4A","P62805","9.12e-01","9.53e-01","9.56e-01",FALSE,FALSE,FALSE,FALSE,0.541,0.717,0.176,0.419,-0.122,-0.298
"HK1","P19367","8.91e-01","9.18e-01","9.39e-01",FALSE,FALSE,FALSE,FALSE,-0.74,-1.46,-0.725,-0.735,0.00491,0.73
"HK2","P52789","8.31e-01","9.68e-01","9.01e-01",FALSE,FALSE,FALSE,FALSE,-1.51,0.278,1.79,-0.412,1.1,-0.69
"HNRNPA1","P09651","8.01e-01","9.58e-01","8.13e-01",FALSE,FALSE,FALSE,FALSE,-0.868,0.395,1.26,-0.158,0.71,-0.553
"HNRNPA2B1","P22626","9.01e-01","9.46e-01","8.68e-01",FALSE,FALSE,FALSE,FALSE,-0.485,0.695,1.18,0.0702,0.555,-0.625
"HNRNPAB","Q99729","8.30e-01","9.58e-01","9.47e-01",FALSE,FALSE,FALSE,FALSE,-1.06,-0.584,0.479,-0.549,0.514,0.0348
"HNRNPF","P52597","8.17e-01","9.62e-01","8.53e-01",FALSE,FALSE,FALSE,FALSE,-1.71,0.675,2.38,-0.344,1.36,-1.02
"HNRNPK","P61978","9.46e-01","9.51e-01","9.24e-01",FALSE,FALSE,FALSE,FALSE,-0.106,0.515,0.622,0.136,0.243,-0.379
"HP","P00738","8.18e-01","9.34e-01","7.04e-01",FALSE,FALSE,FALSE,FALSE,-1.35,1.32,2.67,-0.012,1.34,-1.33
"HPRT1","P00492","9.53e-01","9.34e-01","9.07e-01",FALSE,FALSE,FALSE,FALSE,0.0307,-1.03,-1.06,-0.334,-0.365,0.698
"HSP90AA1","P07900","8.96e-01","9.65e-01","9.21e-01",FALSE,FALSE,FALSE,FALSE,-0.517,0.249,0.767,-0.0892,0.428,-0.339
"HSP90AB1","P08238","8.42e-01","9.66e-01","9.01e-01",FALSE,FALSE,FALSE,FALSE,-0.653,0.182,0.834,-0.157,0.496,-0.339
"HSP90B1","P14625","8.04e-01","8.93e-01","9.51e-01",FALSE,FALSE,FALSE,FALSE,-0.918,-1.17,-0.255,-0.697,0.221,0.476
"HSPA13","P48723","9.45e-01","4.49e-01","4.70e-01",FALSE,FALSE,FALSE,FALSE,0.192,3.46,3.26,1.22,1.02,-2.24
"HSPA1A","P08107","8.59e-01","9.67e-01","9.12e-01",FALSE,FALSE,FALSE,FALSE,-0.608,0.183,0.791,-0.142,0.466,-0.325
"HSPA4","P34932","8.41e-01","9.70e-01","9.27e-01",FALSE,FALSE,FALSE,FALSE,-0.892,-0.0787,0.813,-0.324,0.568,-0.245
"HSPA5","P11021","9.54e-01","9.70e-01","9.58e-01",FALSE,FALSE,FALSE,FALSE,0.0112,-0.0558,-0.067,-0.0148,-0.0261,0.0409
"HSPA8","P11142","9.37e-01","9.41e-01","8.94e-01",FALSE,FALSE,FALSE,FALSE,-0.187,0.63,0.817,0.148,0.335,-0.482
"HSPB1","P04792","9.50e-01","9.71e-01","9.58e-01",FALSE,FALSE,FALSE,FALSE,-0.0672,0.00632,0.0736,-0.0203,0.0469,-0.0266
"HSPB6","O14558","8.26e-01","9.56e-01","9.48e-01",FALSE,FALSE,FALSE,FALSE,-1.58,-0.956,0.623,-0.845,0.734,0.111
"HSPD1","P10809","8.37e-01","9.61e-01","9.46e-01",FALSE,FALSE,FALSE,FALSE,-1.42,-0.721,0.703,-0.715,0.709,0.00592
"HSPE1","P61604","8.84e-01","9.55e-01","9.60e-01",FALSE,FALSE,FALSE,FALSE,-0.741,-0.701,0.0405,-0.481,0.261,0.22
"HSPG2","P98160","9.52e-01","7.51e-01","7.00e-01",FALSE,FALSE,FALSE,FALSE,-0.0424,-1.9,-1.85,-0.646,-0.604,1.25
"HSPH1","Q92598","8.96e-01","9.60e-01","9.06e-01",FALSE,FALSE,FALSE,FALSE,-0.853,0.67,1.52,-0.0609,0.792,-0.731
"HTRA1","Q92743","9.37e-01","9.43e-01","9.39e-01",FALSE,FALSE,FALSE,FALSE,0.249,0.818,0.569,0.355,0.107,-0.462
"HTRA3","P83110","9.08e-01","8.86e-01","9.12e-01",FALSE,FALSE,FALSE,FALSE,0.828,2.41,1.58,1.08,0.251,-1.33
"HYOU1","Q9Y4L1","9.13e-01","8.73e-01","9.01e-01",FALSE,FALSE,FALSE,FALSE,0.368,1.21,0.842,0.526,0.158,-0.684
"IAH1","Q2TAA2","8.42e-01","9.69e-01","9.12e-01",FALSE,FALSE,FALSE,FALSE,-0.748,0.113,0.861,-0.212,0.536,-0.324
"IDH1","O75874","8.06e-01","9.56e-01","8.09e-01",FALSE,FALSE,FALSE,FALSE,-1.09,0.556,1.65,-0.178,0.912,-0.734
"IGFBP2","P18065","8.00e-01","9.67e-01","8.68e-01",FALSE,FALSE,FALSE,FALSE,0.927,-0.172,-1.1,0.252,-0.675,0.424
"IGFBP3","P17936","9.10e-01","8.92e-01","9.15e-01",FALSE,FALSE,FALSE,FALSE,0.882,2.55,1.66,1.14,0.261,-1.4
"IGFBP5","P24593","9.54e-01","9.52e-01","9.33e-01",FALSE,FALSE,FALSE,FALSE,-0.0115,0.511,0.523,0.167,0.178,-0.345
"IGFBP7","Q16270","8.99e-01","9.47e-01","9.54e-01",FALSE,FALSE,FALSE,FALSE,0.597,0.826,0.23,0.474,-0.122,-0.352
"IL6","P05231","9.48e-01","9.42e-01","9.29e-01",FALSE,FALSE,FALSE,FALSE,0.203,1.56,1.36,0.589,0.385,-0.974
"ILF2","Q12905","8.74e-01","9.20e-01","9.44e-01",FALSE,FALSE,FALSE,FALSE,-1.21,-2.05,-0.846,-1.09,0.121,0.967
"INHBA","P08476","9.37e-01","9.57e-01","9.52e-01",FALSE,FALSE,FALSE,FALSE,0.369,0.758,0.389,0.375,0.00677,-0.382
"IPO5","O00410","8.35e-01","9.59e-01","8.61e-01",FALSE,FALSE,FALSE,FALSE,-1.01,0.571,1.58,-0.147,0.866,-0.718
"IQGAP1","P46940","8.91e-01","9.08e-01","9.33e-01",FALSE,FALSE,FALSE,FALSE,-0.479,-1.02,-0.539,-0.499,-0.02,0.519
"ISLR","O14498","9.31e-01","5.19e-01","5.91e-01",FALSE,FALSE,FALSE,FALSE,0.293,2.37,2.08,0.889,0.596,-1.49
"ITGAV","P06756","9.17e-01","8.67e-01","6.97e-01",FALSE,FALSE,FALSE,FALSE,0.507,-1.83,-2.34,-0.442,-0.949,1.39
"ITGB1","P05556","9.28e-01","8.87e-01","7.68e-01",FALSE,FALSE,FALSE,FALSE,0.578,-2.38,-2.96,-0.602,-1.18,1.78
"ITIH2","CON__Q9TRI1","8.48e-01","9.71e-01","9.28e-01",FALSE,FALSE,FALSE,FALSE,-0.867,-0.0397,0.827,-0.302,0.565,-0.263
"ITIH5","Q86UX2","9.20e-01","5.70e-01","6.73e-01",FALSE,FALSE,FALSE,FALSE,-0.476,-2.86,-2.39,-1.11,-0.638,1.75
"ITM2B","Q9Y287","1.46e-01","7.66e-01","9.55e-01",FALSE,FALSE,FALSE,FALSE,-3.35,-3.05,0.299,-2.13,1.22,0.918
"KARS","Q15046","8.28e-01","9.49e-01","9.55e-01",FALSE,FALSE,FALSE,FALSE,-1.01,-0.79,0.218,-0.599,0.409,0.19
"KDELC2","Q7Z4H8","9.11e-01","9.71e-01","9.42e-01",FALSE,FALSE,FALSE,FALSE,0.49,-0.037,-0.527,0.151,-0.339,0.188
"KIF5B","P33176","8.51e-01","9.42e-01","8.12e-01",FALSE,FALSE,FALSE,FALSE,1.03,-1.15,-2.18,-0.0391,-1.07,1.11
"KPNB1","Q14974","9.25e-01","9.58e-01","9.57e-01",FALSE,FALSE,FALSE,FALSE,-0.309,-0.422,-0.112,-0.244,0.0656,0.178
"KRT1","P04264","9.43e-01","9.68e-01","9.49e-01",FALSE,FALSE,FALSE,FALSE,0.255,-0.254,-0.509,0.000169,-0.255,0.254
"KRT10","CON__P13645","9.34e-01","9.69e-01","9.55e-01",FALSE,FALSE,FALSE,FALSE,0.576,0.206,-0.37,0.261,-0.315,0.0548
"KRT18","P05783","8.91e-01","8.10e-01","8.79e-01",FALSE,FALSE,FALSE,FALSE,-0.902,-2.79,-1.89,-1.23,-0.33,1.56
"KRT6B","P04259","9.51e-01","9.47e-01","9.23e-01",FALSE,FALSE,FALSE,FALSE,-0.137,1.43,1.57,0.433,0.57,-1
"KRT7","CON__Q3KNV1","8.38e-01","8.90e-01","5.85e-01",FALSE,FALSE,FALSE,FALSE,1.14,-1.89,-3.03,-0.251,-1.39,1.64
"KRT9","CON__P35527","9.06e-01","9.52e-01","8.90e-01",FALSE,FALSE,FALSE,FALSE,-1.32,1.68,3,0.118,1.44,-1.56
"KTN1","Q86UP2","8.79e-01","9.65e-01","9.12e-01",FALSE,FALSE,FALSE,FALSE,0.931,-0.435,-1.37,0.165,-0.766,0.6
"LAMA2","P24043","9.41e-01","8.73e-01","7.82e-01",FALSE,FALSE,FALSE,FALSE,-0.416,3.12,3.54,0.901,1.32,-2.22
"LAMA4","Q16363","9.52e-01","9.56e-01","9.42e-01",FALSE,FALSE,FALSE,FALSE,-0.0565,-0.6,-0.543,-0.219,-0.162,0.381
"LAMB1","P07942","9.29e-01","9.60e-01","9.57e-01",FALSE,FALSE,FALSE,FALSE,-0.392,-0.53,-0.138,-0.307,0.0848,0.223
"LAMB2","P55268","9.37e-01","3.75e-01","2.49e-01",FALSE,FALSE,FALSE,FALSE,0.269,-3.02,-3.29,-0.918,-1.19,2.11
"LAMC1","P11047","9.54e-01","9.66e-01","9.53e-01",FALSE,FALSE,FALSE,FALSE,0.0159,-0.201,-0.217,-0.0617,-0.0776,0.139
"LAMP1","P11279","9.53e-01","9.39e-01","9.20e-01",FALSE,FALSE,FALSE,FALSE,-0.0442,-1.18,-1.14,-0.408,-0.364,0.772
"LAMP2","P13473","9.53e-01","6.70e-01","6.07e-01",FALSE,FALSE,FALSE,FALSE,-0.0351,-2.19,-2.16,-0.743,-0.707,1.45
"LARS","Q9P2J5","9.24e-01","9.60e-01","9.58e-01",FALSE,FALSE,FALSE,FALSE,-0.628,-0.771,-0.143,-0.466,0.162,0.305
"LASP1","Q14847","8.80e-01","9.19e-01","9.42e-01",FALSE,FALSE,FALSE,FALSE,-0.945,-1.69,-0.745,-0.879,0.0667,0.812
"LBP","P18428","7.66e-01","9.45e-01","6.80e-01",FALSE,FALSE,FALSE,FALSE,-1.41,0.91,2.32,-0.167,1.24,-1.08
"LDHA","P00338","7.79e-01","9.35e-01","9.53e-01",FALSE,FALSE,FALSE,FALSE,-0.872,-0.694,0.178,-0.522,0.35,0.172
"LDHB","P07195","8.78e-01","9.52e-01","8.71e-01",FALSE,FALSE,FALSE,FALSE,-0.563,0.558,1.12,-0.00143,0.561,-0.56
"LDLR","P01130","6.84e-01","8.61e-01","9.56e-01",FALSE,FALSE,FALSE,FALSE,-2.02,-2.24,-0.217,-1.42,0.602,0.819
"LEP","P41159","9.00e-01","9.36e-01","8.39e-01",FALSE,FALSE,FALSE,FALSE,-1.07,1.86,2.93,0.261,1.33,-1.6
"LEPRE1","Q32P28","8.52e-01","8.72e-01","9.26e-01",FALSE,FALSE,FALSE,FALSE,-0.736,-1.5,-0.761,-0.744,-0.00842,0.753
"LGALS1","P09382","9.42e-01","9.10e-01","8.48e-01",FALSE,FALSE,FALSE,FALSE,-0.136,0.868,1,0.244,0.38,-0.624
"LGALS3BP","Q08380","9.52e-01","9.71e-01","9.59e-01",FALSE,FALSE,FALSE,FALSE,-0.0359,0.00476,0.0407,-0.0104,0.0255,-0.0151
"LGMN","Q99538","9.15e-01","5.13e-01","6.44e-01",FALSE,FALSE,FALSE,FALSE,0.445,2.56,2.11,1,0.555,-1.56
"LHPP","Q9H008","6.80e-01","9.65e-01","7.76e-01",FALSE,FALSE,FALSE,FALSE,-2.09,0.432,2.52,-0.551,1.53,-0.983
"LIPA","P38571","4.65e-01","9.62e-01","8.52e-01",FALSE,FALSE,FALSE,FALSE,-2.23,-0.471,1.76,-0.902,1.33,-0.43
"LIPE","Q05469","8.88e-01","9.56e-01","8.88e-01",FALSE,FALSE,FALSE,FALSE,-1.5,1.39,2.89,-0.0358,1.46,-1.43
"LMNA","P02545","9.46e-01","7.56e-01","6.31e-01",FALSE,FALSE,FALSE,FALSE,0.182,-2.62,-2.8,-0.812,-0.994,1.81
"LOX","P28300","9.14e-01","8.87e-01","9.10e-01",FALSE,FALSE,FALSE,FALSE,0.547,1.71,1.16,0.752,0.204,-0.956
"LOXL2","Q9Y4K0","9.39e-01","7.06e-01","7.19e-01",FALSE,FALSE,FALSE,FALSE,-0.186,-1.77,-1.58,-0.65,-0.464,1.11
"LPL","P06858","8.35e-01","7.78e-01","3.61e-01",FALSE,FALSE,FALSE,FALSE,-1.6,3.58,5.18,0.66,2.26,-2.92
"LRP1","Q07954","7.93e-01","9.39e-01","9.53e-01",FALSE,FALSE,FALSE,FALSE,-1.67,-1.3,0.363,-0.99,0.676,0.314
"LSM8","O95777","9.42e-01","9.65e-01","9.58e-01",FALSE,FALSE,FALSE,FALSE,-0.165,-0.249,-0.0834,-0.138,0.0273,0.111
"LUM","P51884","8.93e-01","7.65e-01","8.52e-01",FALSE,FALSE,FALSE,FALSE,0.644,2.21,1.57,0.952,0.308,-1.26
"MAGOH","P61326","7.72e-01","9.65e-01","8.32e-01",FALSE,FALSE,FALSE,FALSE,1.05,-0.253,-1.3,0.265,-0.784,0.519
"MAMDC2","Q7Z304","9.43e-01","9.23e-01","9.15e-01",FALSE,FALSE,FALSE,FALSE,0.324,1.89,1.57,0.739,0.414,-1.15
"MAN1A1","P33908","9.01e-01","7.67e-01","4.77e-01",FALSE,FALSE,FALSE,FALSE,-0.456,1.67,2.13,0.406,0.862,-1.27
"MAN2A1","Q16706","8.72e-01","9.66e-01","9.47e-01",FALSE,FALSE,FALSE,FALSE,-0.752,-0.291,0.461,-0.348,0.404,-0.0567
"MAN2B1","O00754","9.24e-01","7.34e-01","4.99e-01",FALSE,FALSE,FALSE,FALSE,-0.403,2.21,2.61,0.601,1,-1.61
"MAN2B2","Q9Y2E5","9.15e-01","8.35e-01","8.74e-01",FALSE,FALSE,FALSE,FALSE,1.06,4.07,3.01,1.71,0.649,-2.36
"MAP4","P27816","8.13e-01","9.36e-01","9.58e-01",FALSE,FALSE,FALSE,FALSE,-1.17,-1.06,0.113,-0.742,0.428,0.314
"MAPRE1","Q15691","9.51e-01","9.71e-01","9.58e-01",FALSE,FALSE,FALSE,FALSE,-0.0911,0.0176,0.109,-0.0245,0.0666,-0.0421
"MATN3","O15232","9.18e-01","9.58e-01","9.58e-01",FALSE,FALSE,FALSE,FALSE,-0.622,-0.749,-0.127,-0.457,0.165,0.292
"MCAM","P43121","7.30e-01","9.67e-01","8.95e-01",FALSE,FALSE,FALSE,FALSE,1.19,0.2,-0.988,0.463,-0.725,0.262
"MDH1","P40925","8.10e-01","9.58e-01","8.20e-01",FALSE,FALSE,FALSE,FALSE,-0.894,0.442,1.34,-0.151,0.743,-0.593
"MDH2","P40926","8.96e-01","9.22e-01","9.40e-01",FALSE,FALSE,FALSE,FALSE,0.932,1.85,0.922,0.929,-0.00357,-0.925
"ME1","P48163","7.63e-01","9.65e-01","9.12e-01",FALSE,FALSE,FALSE,FALSE,-3.11,-0.739,2.38,-1.28,1.83,-0.546
"MFAP4","P55083","8.37e-01","9.56e-01","8.50e-01",FALSE,FALSE,FALSE,FALSE,-1.21,0.792,2,-0.139,1.07,-0.931
"MFGE8","Q08431","9.53e-01","9.42e-01","9.18e-01",FALSE,FALSE,FALSE,FALSE,-0.0222,0.874,0.896,0.284,0.306,-0.59
"MGP","P08493","6.23e-01","5.47e-01","9.12e-01",FALSE,FALSE,FALSE,FALSE,2.15,3.45,1.3,1.87,-0.283,-1.58
"MMP1","P03956","9.33e-01","8.86e-01","7.80e-01",FALSE,FALSE,FALSE,FALSE,0.577,-2.81,-3.39,-0.744,-1.32,2.07
"MMP2","P08253","8.89e-01","9.44e-01","8.53e-01",FALSE,FALSE,FALSE,FALSE,-0.731,0.986,1.72,0.0851,0.816,-0.901
"MSN","P26038","8.18e-01","8.53e-01","9.35e-01",FALSE,FALSE,FALSE,FALSE,-0.888,-1.45,-0.565,-0.78,0.108,0.673
"MYDGF","Q969H8","8.73e-01","9.69e-01","9.40e-01",FALSE,FALSE,FALSE,FALSE,-1.01,-0.175,0.839,-0.397,0.618,-0.221
"MYL12A","P19105","9.48e-01","8.43e-01","7.63e-01",FALSE,FALSE,FALSE,FALSE,0.114,-1.78,-1.9,-0.556,-0.67,1.23
"MYL4","P12829","9.24e-01","8.93e-01","7.72e-01",FALSE,FALSE,FALSE,FALSE,0.614,-2.26,-2.87,-0.548,-1.16,1.71
"MYL6","P60660","9.47e-01","8.56e-01","7.77e-01",FALSE,FALSE,FALSE,FALSE,0.143,-1.87,-2.01,-0.576,-0.719,1.3
"MYL9","P24844","9.12e-01","8.13e-01","8.63e-01",FALSE,FALSE,FALSE,FALSE,-0.677,-2.61,-1.94,-1.1,-0.419,1.52
"MYO1C","O00159","9.17e-01","9.39e-01","9.44e-01",FALSE,FALSE,FALSE,FALSE,-0.442,-0.911,-0.469,-0.451,-0.00914,0.46
"MYOF","Q9NZM1","9.31e-01","8.86e-01","8.94e-01",FALSE,FALSE,FALSE,FALSE,-0.459,-2.08,-1.62,-0.847,-0.388,1.24
"NAGLU","P54802","9.50e-01","8.32e-01","7.99e-01",FALSE,FALSE,FALSE,FALSE,0.0664,1.57,1.51,0.547,0.481,-1.03
"NAMPT","P43490","7.84e-01","9.14e-01","9.60e-01",FALSE,FALSE,FALSE,FALSE,-1.83,-1.88,-0.0447,-1.24,0.596,0.641
"NAP1L1","P55209","9.52e-01","9.71e-01","9.60e-01",FALSE,FALSE,FALSE,FALSE,-0.0796,-0.052,0.0276,-0.0439,0.0357,0.00815
"NAP1L4","Q99733","7.71e-01","9.68e-01","9.01e-01",FALSE,FALSE,FALSE,FALSE,-1.46,-0.195,1.26,-0.55,0.906,-0.355
"NARS","O43776","8.67e-01","9.70e-01","9.26e-01",FALSE,FALSE,FALSE,FALSE,-0.505,0.0537,0.559,-0.151,0.355,-0.204
"NCL","P19338","9.22e-01","9.52e-01","9.53e-01",FALSE,FALSE,FALSE,FALSE,-0.552,-0.896,-0.344,-0.483,0.0697,0.413
"NEDD8","Q15843","9.46e-01","9.69e-01","9.60e-01",FALSE,FALSE,FALSE,FALSE,0.2,0.148,-0.052,0.116,-0.084,-0.0321
"NEU1","Q99519","8.80e-01","6.61e-01","3.20e-01",FALSE,FALSE,FALSE,FALSE,-1.18,4.19,5.38,1,2.19,-3.19
"NEXN","Q0ZGT2","9.49e-01","7.30e-01","6.93e-01",FALSE,FALSE,FALSE,FALSE,-0.125,-2.89,-2.77,-1.01,-0.882,1.89
"NID1","P14543","9.25e-01","9.33e-01","8.62e-01",FALSE,FALSE,FALSE,FALSE,-0.311,0.811,1.12,0.167,0.477,-0.644
"NID2","Q14112","9.54e-01","4.26e-01","3.98e-01",FALSE,FALSE,FALSE,FALSE,-0.00938,-2.29,-2.28,-0.767,-0.758,1.53
"NME2","P22392","6.45e-01","9.57e-01","9.09e-01",FALSE,FALSE,FALSE,FALSE,-1.37,-0.485,0.883,-0.617,0.75,-0.133
"NNMT","P40261","9.33e-01","9.65e-01","9.60e-01",FALSE,FALSE,FALSE,FALSE,0.625,0.57,-0.0551,0.399,-0.227,-0.172
"NPEPPS","P55786","8.22e-01","9.71e-01","9.07e-01",FALSE,FALSE,FALSE,FALSE,-1.2,0.0386,1.24,-0.388,0.816,-0.427
"NPM1","P06748","7.75e-01","9.29e-01","9.56e-01",FALSE,FALSE,FALSE,FALSE,-1.78,-1.53,0.245,-1.1,0.674,0.43
"NRP1","O14786","7.22e-01","9.01e-01","9.60e-01",FALSE,FALSE,FALSE,FALSE,-1.51,-1.47,0.0406,-0.993,0.517,0.476
"NT5E","P21589","9.46e-01","9.12e-01","8.98e-01",FALSE,FALSE,FALSE,FALSE,-0.198,-1.74,-1.55,-0.647,-0.449,1.1
"NTN4","Q9HB63","9.23e-01","9.61e-01","9.24e-01",FALSE,FALSE,FALSE,FALSE,0.439,-0.466,-0.905,-0.00906,-0.448,0.457
"NUCB1","Q02818","8.96e-01","7.59e-01","8.46e-01",FALSE,FALSE,FALSE,FALSE,0.571,2.04,1.47,0.869,0.298,-1.17
"NUCB2","P80303","8.86e-01","8.38e-01","8.97e-01",FALSE,FALSE,FALSE,FALSE,0.532,1.48,0.947,0.67,0.138,-0.809
"OAF","Q86UD1","7.53e-01","9.67e-01","8.34e-01",FALSE,FALSE,FALSE,FALSE,-1.66,0.291,1.96,-0.458,1.21,-0.749
"OGDH","Q02218","9.29e-01","9.70e-01","9.52e-01",FALSE,FALSE,FALSE,FALSE,-0.326,-0.0488,0.277,-0.125,0.201,-0.076
"OLA1","Q9NTK5","8.60e-01","9.56e-01","8.72e-01",FALSE,FALSE,FALSE,FALSE,-1.02,0.795,1.81,-0.0744,0.944,-0.87
"OLFML2B","Q68BL8","9.50e-01","9.57e-01","9.46e-01",FALSE,FALSE,FALSE,FALSE,0.137,0.84,0.703,0.325,0.189,-0.514
"OLFML3","Q9NRN5","8.79e-01","9.15e-01","7.49e-01",FALSE,FALSE,FALSE,FALSE,-1.02,1.88,2.9,0.287,1.31,-1.6
"P4HA1","P13674","8.32e-01","4.09e-01","7.37e-01",FALSE,FALSE,FALSE,FALSE,-0.8,-2.48,-1.68,-1.09,-0.294,1.39
"P4HA2","O15460","7.86e-01","2.28e-01","7.02e-01",FALSE,FALSE,FALSE,FALSE,-1.53,-4.11,-2.59,-1.88,-0.354,2.23
"P4HB","P07237","9.47e-01","9.60e-01","9.38e-01",FALSE,FALSE,FALSE,FALSE,0.103,-0.371,-0.475,-0.0894,-0.193,0.282
"PABPC4","Q13310","9.41e-01","9.36e-01","9.28e-01",FALSE,FALSE,FALSE,FALSE,-0.35,-1.62,-1.27,-0.658,-0.308,0.966
"PAFAH1B2","P68402","8.79e-01","8.84e-01","6.57e-01",FALSE,FALSE,FALSE,FALSE,-0.68,1.53,2.21,0.283,0.963,-1.25
"PAM","P19021","8.12e-01","8.80e-01","9.45e-01",FALSE,FALSE,FALSE,FALSE,-1.14,-1.62,-0.481,-0.918,0.219,0.7
"PAPPA","Q13219","8.21e-01","9.58e-01","9.44e-01",FALSE,FALSE,FALSE,FALSE,-1.69,-0.883,0.809,-0.858,0.834,0.0245
"PARK7","Q99497","9.39e-01","9.52e-01","9.18e-01",FALSE,FALSE,FALSE,FALSE,-0.354,0.977,1.33,0.208,0.562,-0.769
"PCBP1","Q15365","9.35e-01","9.61e-01","9.31e-01",FALSE,FALSE,FALSE,FALSE,-0.276,0.419,0.695,0.0474,0.324,-0.371
"PCBP2","Q15366","5.56e-02","9.69e-01","5.55e-01",FALSE,FALSE,FALSE,FALSE,-2.78,-0.119,2.66,-0.965,1.81,-0.846
"PCDH10","Q9P2E7","8.19e-01","7.53e-01","2.74e-01",FALSE,FALSE,FALSE,FALSE,1.22,-2.47,-3.69,-0.418,-1.63,2.05
"PCOLCE","Q15113","9.50e-01","6.41e-01","5.22e-01",FALSE,FALSE,FALSE,FALSE,0.111,-3.3,-3.41,-1.06,-1.17,2.24
"PCSK5","Q92824","9.15e-01","2.48e-01","4.28e-01",FALSE,FALSE,FALSE,FALSE,0.475,3.3,2.82,1.26,0.783,-2.04
"PCYOX1","Q9UHG3","8.70e-01","8.57e-01","9.14e-01",FALSE,FALSE,FALSE,FALSE,-0.898,-2.12,-1.22,-1,-0.107,1.11
"PDCD6IP","Q8WUM4","8.44e-01","9.45e-01","9.60e-01",FALSE,FALSE,FALSE,FALSE,-1.3,-1.29,0.0157,-0.864,0.44,0.424
"PDGFD","Q9GZP0","9.16e-01","4.96e-01","2.65e-01",FALSE,FALSE,FALSE,FALSE,-0.558,3.31,3.87,0.917,1.48,-2.39
"PDIA3","P30101","9.04e-01","9.37e-01","9.47e-01",FALSE,FALSE,FALSE,FALSE,-0.535,-0.954,-0.419,-0.496,0.0385,0.458
"PDIA4","P13667","8.86e-01","9.32e-01","9.48e-01",FALSE,FALSE,FALSE,FALSE,-0.678,-1.09,-0.413,-0.59,0.0884,0.502
"PDIA6","Q15084","9.32e-01","9.29e-01","9.29e-01",FALSE,FALSE,FALSE,FALSE,-0.31,-1.04,-0.727,-0.449,-0.139,0.588
"PDLIM1","O00151","9.24e-01","9.17e-01","8.22e-01",FALSE,FALSE,FALSE,FALSE,0.366,-1.12,-1.49,-0.253,-0.619,0.871
"PDLIM7","Q9NR12","9.37e-01","9.48e-01","9.44e-01",FALSE,FALSE,FALSE,FALSE,-0.42,-1.21,-0.79,-0.544,-0.123,0.667
"PDXK","O00764","9.29e-01","8.59e-01","7.15e-01",FALSE,FALSE,FALSE,FALSE,-0.344,1.63,1.97,0.429,0.773,-1.2
"PEA15","Q15121","8.38e-01","9.45e-01","9.59e-01",FALSE,FALSE,FALSE,FALSE,-0.884,-0.823,0.0606,-0.569,0.315,0.254
"PEBP1","P30086","9.17e-01","9.49e-01","8.92e-01",FALSE,FALSE,FALSE,FALSE,-0.39,0.641,1.03,0.0838,0.474,-0.557
"PEPD","P12955","6.24e-01","9.23e-01","9.45e-01",FALSE,FALSE,FALSE,FALSE,-2.78,-1.98,0.807,-1.59,1.2,0.39
"PFKL","P17858","8.00e-01","9.27e-01","9.59e-01",FALSE,FALSE,FALSE,FALSE,-1.3,-1.25,0.0552,-0.851,0.453,0.398
"PFN1","P07737","9.37e-01","9.71e-01","9.54e-01",FALSE,FALSE,FALSE,FALSE,0.205,0.0149,-0.19,0.0732,-0.132,0.0583
"PGAM1","P18669","9.31e-01","9.51e-01","9.49e-01",FALSE,FALSE,FALSE,FALSE,-0.317,-0.674,-0.357,-0.33,-0.0135,0.344
"PGD","P52209","7.98e-01","9.66e-01","9.19e-01",FALSE,FALSE,FALSE,FALSE,-1.58,-0.355,1.23,-0.645,0.935,-0.29
"PGK1","P00558","9.54e-01","9.71e-01","9.60e-01",FALSE,FALSE,FALSE,FALSE,0.00615,0.00154,-0.00461,0.00256,-0.00359,0.00102
"PGLS","O95336","9.28e-01","6.89e-01","4.69e-01",FALSE,FALSE,FALSE,FALSE,-0.427,2.73,3.16,0.768,1.2,-1.96
"PGM1","P36871","9.16e-01","9.17e-01","8.09e-01",FALSE,FALSE,FALSE,FALSE,-0.486,1.29,1.77,0.268,0.754,-1.02
"PGM2","Q96G03","9.45e-01","8.29e-01","8.15e-01",FALSE,FALSE,FALSE,FALSE,-0.166,-1.87,-1.7,-0.679,-0.512,1.19
"PGM3","O95394","8.52e-01","9.50e-01","8.45e-01",FALSE,FALSE,FALSE,FALSE,-1.31,1.22,2.53,-0.0295,1.28,-1.25
"PI16","Q6UXB8","9.53e-01","4.89e-01","4.27e-01",FALSE,FALSE,FALSE,FALSE,-0.0449,3.28,3.32,1.08,1.12,-2.2
"PICALM","Q13492","9.17e-01","8.19e-01","8.61e-01",FALSE,FALSE,FALSE,FALSE,-0.728,-2.99,-2.26,-1.24,-0.511,1.75
"PKM","P14618","9.34e-01","9.61e-01","9.57e-01",FALSE,FALSE,FALSE,FALSE,-0.221,-0.325,-0.104,-0.182,0.0391,0.143
"PLBD2","Q8NHP8","9.52e-01","8.91e-01","8.44e-01",FALSE,FALSE,FALSE,FALSE,-0.0444,1.2,1.25,0.387,0.431,-0.818
"PLEC","Q15149","9.47e-01","4.40e-01","3.48e-01",FALSE,FALSE,FALSE,FALSE,0.132,-2.7,-2.83,-0.854,-0.987,1.84
"PLIN3","O60664","8.42e-01","9.71e-01","9.23e-01",FALSE,FALSE,FALSE,FALSE,-0.63,-0.0071,0.623,-0.213,0.418,-0.205
"PLOD1","Q02809","9.48e-01","8.85e-01","8.22e-01",FALSE,FALSE,FALSE,FALSE,0.0933,-1.15,-1.25,-0.353,-0.446,0.799
"PLOD2","O00469","8.88e-01","8.20e-01","8.86e-01",FALSE,FALSE,FALSE,FALSE,-0.535,-1.59,-1.05,-0.707,-0.172,0.879
"PLOD3","O60568","9.53e-01","9.10e-01","8.74e-01",FALSE,FALSE,FALSE,FALSE,0.0235,-0.932,-0.956,-0.303,-0.326,0.629
"PLS3","P13797","8.24e-01","9.14e-01","9.53e-01",FALSE,FALSE,FALSE,FALSE,-0.845,-1.06,-0.219,-0.636,0.208,0.428
"PLTP","P55058","8.39e-01","8.70e-01","5.26e-01",FALSE,FALSE,FALSE,FALSE,-0.74,1.35,2.09,0.203,0.944,-1.15
"PLXNB2","O15031","9.27e-01","9.53e-01","9.52e-01",FALSE,FALSE,FALSE,FALSE,0.263,0.458,0.196,0.24,-0.0224,-0.218
"PODN","Q7Z5L7","9.42e-01","9.19e-01","8.62e-01",FALSE,FALSE,FALSE,FALSE,-0.326,1.98,2.31,0.552,0.878,-1.43
"POSTN","Q15063","9.54e-01","5.44e-01","4.74e-01",FALSE,FALSE,FALSE,FALSE,0.0136,-2.06,-2.08,-0.684,-0.697,1.38
"PPA1","Q15181","8.94e-01","9.69e-01","9.30e-01",FALSE,FALSE,FALSE,FALSE,-1.05,0.25,1.3,-0.267,0.785,-0.517
"PPIA","P62937","9.52e-01","9.61e-01","9.48e-01",FALSE,FALSE,FALSE,FALSE,0.0338,0.337,0.303,0.124,0.0898,-0.213
"PPIB","P23284","9.11e-01","9.57e-01","9.59e-01",FALSE,FALSE,FALSE,FALSE,0.382,0.436,0.0538,0.273,-0.109,-0.163
"PPIC","P45877","9.54e-01","9.59e-01","9.44e-01",FALSE,FALSE,FALSE,FALSE,0.00337,0.414,0.411,0.139,0.136,-0.275
"PPP1CB","P62140","9.31e-01","9.67e-01","9.42e-01",FALSE,FALSE,FALSE,FALSE,0.404,-0.244,-0.648,0.0534,-0.35,0.297
"PPP1R12A","O14974","9.53e-01","9.10e-01","8.75e-01",FALSE,FALSE,FALSE,FALSE,0.0286,-1.84,-1.87,-0.605,-0.634,1.24
"PPP1R14A","Q96A00","8.80e-01","9.40e-01","9.54e-01",FALSE,FALSE,FALSE,FALSE,-0.792,-1.08,-0.29,-0.625,0.167,0.458
"PPP2R1A","P30153","8.23e-01","9.55e-01","9.48e-01",FALSE,FALSE,FALSE,FALSE,-1.28,-0.767,0.516,-0.683,0.6,0.0837
"PPP2R4","Q15257","8.27e-01","9.65e-01","8.81e-01",FALSE,FALSE,FALSE,FALSE,-1.64,0.511,2.15,-0.377,1.26,-0.888
"PRCP","P42785","9.41e-01","9.06e-01","8.38e-01",FALSE,FALSE,FALSE,FALSE,-0.166,1.03,1.19,0.288,0.453,-0.741
"PRDX1","Q06830","9.41e-01","8.99e-01","8.92e-01",FALSE,FALSE,FALSE,FALSE,0.142,0.932,0.79,0.358,0.216,-0.574
"PRDX2","P32119","8.24e-01","9.71e-01","9.12e-01",FALSE,FALSE,FALSE,FALSE,-1.2,-0.0114,1.19,-0.403,0.795,-0.392
"PRDX5","P30044","9.32e-01","8.59e-01","7.26e-01",FALSE,FALSE,FALSE,FALSE,-0.298,1.55,1.84,0.416,0.714,-1.13
"PRDX6","P30041","8.43e-01","9.43e-01","8.03e-01",FALSE,FALSE,FALSE,FALSE,-0.664,0.669,1.33,0.00156,0.666,-0.667
"PRELP","P51888","9.13e-01","3.66e-01","5.22e-01",FALSE,FALSE,FALSE,FALSE,0.358,2.22,1.86,0.858,0.5,-1.36
"PREP","P48147","8.77e-01","9.55e-01","8.80e-01",FALSE,FALSE,FALSE,FALSE,-0.52,0.458,0.977,-0.0205,0.499,-0.478
"PRG4","Q92954","8.11e-01","8.08e-01","3.31e-01",FALSE,FALSE,FALSE,FALSE,-1.5,2.64,4.14,0.379,1.88,-2.26
"PRKACA","P17612","8.11e-01","9.64e-01","8.57e-01",FALSE,FALSE,FALSE,FALSE,-1.51,0.48,1.99,-0.343,1.17,-0.823
"PRKAR1A","P10644","7.53e-01","9.63e-01","9.14e-01",FALSE,FALSE,FALSE,FALSE,-1.57,-0.429,1.14,-0.667,0.904,-0.238
"PRKAR2A","P13861","8.32e-01","9.67e-01","9.32e-01",FALSE,FALSE,FALSE,FALSE,-1.36,-0.303,1.05,-0.553,0.803,-0.25
"PROS1","P07225","9.01e-01","9.23e-01","8.03e-01",FALSE,FALSE,FALSE,FALSE,-1.05,2.17,3.23,0.374,1.43,-1.8
"PRSS23","O95084","8.91e-01","9.47e-01","9.56e-01",FALSE,FALSE,FALSE,FALSE,0.697,0.887,0.19,0.528,-0.169,-0.359
"PSAP","P07602","8.42e-01","9.60e-01","8.76e-01",FALSE,FALSE,FALSE,FALSE,-1.18,0.625,1.8,-0.184,0.992,-0.808
"PSAT1","Q9Y617","9.01e-01","9.62e-01","9.57e-01",FALSE,FALSE,FALSE,FALSE,-0.76,-0.569,0.192,-0.443,0.317,0.126
"PSMA1","P25786","9.50e-01","9.16e-01","8.96e-01",FALSE,FALSE,FALSE,FALSE,-0.149,-2.18,-2.03,-0.776,-0.627,1.4
"PSMA2","P25787","9.36e-01","9.39e-01","9.35e-01",FALSE,FALSE,FALSE,FALSE,-0.68,-2.33,-1.65,-1,-0.323,1.33
"PSMA5","P28066","9.42e-01","9.24e-01","9.16e-01",FALSE,FALSE,FALSE,FALSE,-0.242,-1.37,-1.13,-0.538,-0.296,0.833
"PSMA6","P60900","9.21e-01","9.55e-01","9.55e-01",FALSE,FALSE,FALSE,FALSE,-0.63,-0.924,-0.293,-0.518,0.112,0.406
"PSMA7","O14818","9.47e-01","9.21e-01","8.76e-01",FALSE,FALSE,FALSE,FALSE,0.266,-2.25,-2.52,-0.661,-0.927,1.59
"PSMB1","P20618","8.12e-01","9.29e-01","9.60e-01",FALSE,FALSE,FALSE,FALSE,-1.64,-1.64,0.00742,-1.09,0.551,0.543
"PSMB2","P49721","9.54e-01","9.18e-01","8.89e-01",FALSE,FALSE,FALSE,FALSE,-0.000916,-1.81,-1.81,-0.603,-0.602,1.2
"PSMB3","P49720","9.48e-01","9.42e-01","9.28e-01",FALSE,FALSE,FALSE,FALSE,-0.165,-1.25,-1.08,-0.472,-0.307,0.778
"PSMB4","P28070","8.05e-01","9.22e-01","9.59e-01",FALSE,FALSE,FALSE,FALSE,-2.11,-2.19,-0.083,-1.43,0.675,0.758
"PSMB5","P28074","8.33e-01","9.62e-01","9.43e-01",FALSE,FALSE,FALSE,FALSE,-1.46,-0.638,0.826,-0.7,0.763,-0.0626
"PSMB6","P28072","9.38e-01","9.66e-01","9.42e-01",FALSE,FALSE,FALSE,FALSE,-0.587,0.612,1.2,0.00855,0.595,-0.604
"PSMC1","P62191","9.33e-01","9.68e-01","9.44e-01",FALSE,FALSE,FALSE,FALSE,0.222,-0.131,-0.352,0.0303,-0.191,0.161
"PSMC5","P62195","9.19e-01","9.66e-01","9.33e-01",FALSE,FALSE,FALSE,FALSE,0.46,-0.286,-0.746,0.0579,-0.402,0.344
"PSMD1","Q99460","8.06e-01","7.09e-01","8.99e-01",FALSE,FALSE,FALSE,FALSE,-0.936,-1.88,-0.944,-0.939,-0.00261,0.942
"PSMD11","O00231","9.50e-01","9.62e-01","9.44e-01",FALSE,FALSE,FALSE,FALSE,0.0788,-0.366,-0.445,-0.0958,-0.175,0.27
"PSMD12","O00232","9.09e-01","9.68e-01","9.35e-01",FALSE,FALSE,FALSE,FALSE,0.907,-0.282,-1.19,0.209,-0.699,0.49
"PSMD3","O43242","8.93e-01","9.44e-01","9.53e-01",FALSE,FALSE,FALSE,FALSE,-0.602,-0.853,-0.251,-0.485,0.117,0.368
"PSMD6","Q15008","9.02e-01","8.29e-01","8.82e-01",FALSE,FALSE,FALSE,FALSE,-0.507,-1.67,-1.17,-0.727,-0.22,0.947
"PSMD8","P48556","9.53e-01","8.48e-01","7.90e-01",FALSE,FALSE,FALSE,FALSE,0.0404,-1.91,-1.95,-0.622,-0.662,1.28
"PSME2","Q9UL46","9.41e-01","9.71e-01","9.55e-01",FALSE,FALSE,FALSE,FALSE,-0.202,-0.00911,0.192,-0.0702,0.131,-0.0611
"PTBP1","P26599","6.11e-01","8.02e-01","9.52e-01",FALSE,FALSE,FALSE,FALSE,-1.16,-1.36,-0.202,-0.84,0.319,0.521
"PTGDS","P41222","8.20e-01","6.98e-01","2.23e-01",FALSE,FALSE,FALSE,FALSE,-1.4,3.1,4.51,0.567,1.97,-2.54
"PTRF","Q6NZI2","9.24e-01","9.59e-01","9.58e-01",FALSE,FALSE,FALSE,FALSE,0.333,0.416,0.0828,0.249,-0.0833,-0.166
"PTX3","P26022","9.42e-01","6.27e-01","6.34e-01",FALSE,FALSE,FALSE,FALSE,0.159,1.91,1.75,0.688,0.529,-1.22
"PXDN","Q92626","9.17e-01","9.36e-01","8.57e-01",FALSE,FALSE,FALSE,FALSE,0.364,-0.797,-1.16,-0.144,-0.508,0.653
"PYCARD","Q9ULZ3","9.15e-01","9.50e-01","8.90e-01",FALSE,FALSE,FALSE,FALSE,-0.609,0.951,1.56,0.114,0.723,-0.837
"PYGB","P11216","8.57e-01","9.60e-01","9.52e-01",FALSE,FALSE,FALSE,FALSE,-0.687,-0.417,0.269,-0.368,0.319,0.0494
"PYGL","P06737","9.16e-01","9.66e-01","9.33e-01",FALSE,FALSE,FALSE,FALSE,-1.03,0.546,1.58,-0.162,0.871,-0.708
"QSOX1","O00391","8.49e-01","9.39e-01","9.57e-01",FALSE,FALSE,FALSE,FALSE,-0.699,-0.805,-0.107,-0.501,0.197,0.304
"QSOX2","Q6ZRP7","8.73e-01","6.75e-01","8.22e-01",FALSE,FALSE,FALSE,FALSE,0.641,2.14,1.49,0.926,0.284,-1.21
"RAP1A","P62834","9.48e-01","9.46e-01","9.34e-01",FALSE,FALSE,FALSE,FALSE,-0.0862,-0.628,-0.542,-0.238,-0.152,0.39
"RARRES2","Q99969","9.34e-01","7.28e-01","5.23e-01",FALSE,FALSE,FALSE,FALSE,-0.404,2.93,3.34,0.843,1.25,-2.09
"RARS","P54136","8.97e-01","9.70e-01","9.43e-01",FALSE,FALSE,FALSE,FALSE,0.612,0.0659,-0.546,0.226,-0.386,0.16
"RBM3","P98179","8.32e-01","9.69e-01","9.05e-01",FALSE,FALSE,FALSE,FALSE,-2.13,0.303,2.43,-0.609,1.52,-0.912
"RBP4","P02753","8.26e-01","9.58e-01","8.48e-01",FALSE,FALSE,FALSE,FALSE,-2.03,1.06,3.1,-0.322,1.71,-1.39
"RCN1","Q15293","9.51e-01","9.55e-01","9.42e-01",FALSE,FALSE,FALSE,FALSE,-0.0705,-0.574,-0.503,-0.215,-0.144,0.359
"RCN2","Q14257","9.28e-01","9.52e-01","9.51e-01",FALSE,FALSE,FALSE,FALSE,-0.43,-0.798,-0.368,-0.409,0.0207,0.389
"RCN3","Q96D15","9.10e-01","9.43e-01","9.49e-01",FALSE,FALSE,FALSE,FALSE,-0.787,-1.36,-0.569,-0.714,0.0727,0.642
"RDX","P35241","2.63e-01","7.86e-01","9.58e-01",FALSE,FALSE,FALSE,FALSE,-2.44,-2.32,0.119,-1.59,0.853,0.734
"REXO2","Q9Y3B8","9.42e-01","9.70e-01","9.57e-01",FALSE,FALSE,FALSE,FALSE,0.143,0.0458,-0.0976,0.063,-0.0803,0.0173
"RHOA","P61586","9.51e-01","9.62e-01","9.45e-01",FALSE,FALSE,FALSE,FALSE,0.13,-0.703,-0.833,-0.191,-0.321,0.512
"RNASE4","P34096","8.46e-01","9.30e-01","7.52e-01",FALSE,FALSE,FALSE,FALSE,-0.899,1.16,2.06,0.0864,0.985,-1.07
"RNH1","P13489","9.51e-01","9.52e-01","9.38e-01",FALSE,FALSE,FALSE,FALSE,0.0693,0.696,0.627,0.255,0.186,-0.441
"RPL10A","P62906","9.53e-01","9.21e-01","8.90e-01",FALSE,FALSE,FALSE,FALSE,0.033,-1.83,-1.86,-0.599,-0.632,1.23
"RPL11","P62913","9.15e-01","9.66e-01","9.31e-01",FALSE,FALSE,FALSE,FALSE,-0.497,0.269,0.767,-0.076,0.421,-0.345
"RPL12","P30050","9.16e-01","9.56e-01","9.06e-01",FALSE,FALSE,FALSE,FALSE,0.493,-0.627,-1.12,-0.0446,-0.537,0.582
"RPL22","P35268","7.96e-01","9.49e-01","9.47e-01",FALSE,FALSE,FALSE,FALSE,-1.72,-1.11,0.605,-0.943,0.774,0.169
"RPL23A","P62750","9.50e-01","9.39e-01","9.11e-01",FALSE,FALSE,FALSE,FALSE,0.087,-1.06,-1.14,-0.323,-0.41,0.734
"RPLP0","P05388","8.52e-01","8.24e-01","9.05e-01",FALSE,FALSE,FALSE,FALSE,-0.818,-1.93,-1.11,-0.917,-0.099,1.02
"RPLP1","P05386","8.50e-01","7.75e-01","8.86e-01",FALSE,FALSE,FALSE,FALSE,-1.71,-4.35,-2.63,-2.02,-0.308,2.33
"RPLP2","P05387","9.48e-01","9.68e-01","9.52e-01",FALSE,FALSE,FALSE,FALSE,0.109,-0.158,-0.266,-0.0163,-0.125,0.141
"RPN2","P04844","9.45e-01","9.51e-01","9.42e-01",FALSE,FALSE,FALSE,FALSE,-0.239,-1.01,-0.768,-0.415,-0.176,0.592
"RPS12","P25398","8.99e-01","9.65e-01","9.53e-01",FALSE,FALSE,FALSE,FALSE,1.29,0.684,-0.605,0.658,-0.632,-0.0263
"RPS2","P15880","8.72e-01","9.21e-01","9.44e-01",FALSE,FALSE,FALSE,FALSE,-0.709,-1.19,-0.486,-0.635,0.0742,0.56
"RPS24","P62847","9.49e-01","9.62e-01","9.44e-01",FALSE,FALSE,FALSE,FALSE,0.144,-0.606,-0.75,-0.154,-0.298,0.452
"RPS28","P62857","9.45e-01","9.65e-01","9.57e-01",FALSE,FALSE,FALSE,FALSE,0.189,0.348,0.158,0.179,-0.0104,-0.169
"RPS3","P23396","9.41e-01","9.69e-01","9.58e-01",FALSE,FALSE,FALSE,FALSE,-0.175,-0.099,0.0762,-0.0914,0.0838,0.00761
"RPS5","P46782","8.16e-01","9.54e-01","9.47e-01",FALSE,FALSE,FALSE,FALSE,-1.82,-1.09,0.731,-0.972,0.852,0.12
"RPS7","P62081","9.36e-01","9.64e-01","9.59e-01",FALSE,FALSE,FALSE,FALSE,0.479,0.565,0.0852,0.348,-0.131,-0.217
"RPS8","P62241","8.79e-01","9.42e-01","9.55e-01",FALSE,FALSE,FALSE,FALSE,0.537,0.706,0.169,0.415,-0.123,-0.292
"RPSA","P08865","8.79e-01","9.63e-01","9.51e-01",FALSE,FALSE,FALSE,FALSE,-0.912,-0.487,0.424,-0.466,0.445,0.021
"RSU1","Q15404","7.95e-01","8.74e-01","9.48e-01",FALSE,FALSE,FALSE,FALSE,-1.18,-1.58,-0.405,-0.919,0.257,0.662
"RTCB","Q9Y3I0","9.24e-01","8.90e-01","7.65e-01",FALSE,FALSE,FALSE,FALSE,-0.552,2.03,2.58,0.493,1.04,-1.54
"RTN4","Q9NQC3","9.35e-01","9.25e-01","9.23e-01",FALSE,FALSE,FALSE,FALSE,-0.667,-2.67,-2.01,-1.11,-0.446,1.56
"S100A11","P31949","8.14e-01","8.12e-01","9.25e-01",FALSE,FALSE,FALSE,FALSE,-0.795,-1.41,-0.617,-0.736,0.0592,0.677
"S100A13","Q99584","9.07e-01","9.71e-01","9.43e-01",FALSE,FALSE,FALSE,FALSE,-0.544,-0.0205,0.524,-0.188,0.356,-0.168
"S100A16","Q96FQ6","9.16e-01","8.93e-01","7.54e-01",FALSE,FALSE,FALSE,FALSE,-0.71,2.23,2.94,0.508,1.22,-1.73
"S100A6","P06703","9.47e-01","9.41e-01","9.29e-01",FALSE,FALSE,FALSE,FALSE,-0.223,-1.54,-1.31,-0.587,-0.364,0.951
"SAA1","P0DJI8","8.96e-01","7.50e-02","2.20e-01",FALSE,FALSE,FALSE,FALSE,0.931,6.14,5.21,2.36,1.43,-3.78
"SARS","P49591","8.36e-01","8.89e-01","9.40e-01",FALSE,FALSE,FALSE,FALSE,0.835,1.36,0.529,0.733,-0.102,-0.631
"SCG2","P13521","8.41e-01","6.42e-01","8.39e-01",FALSE,FALSE,FALSE,FALSE,1.35,3.76,2.41,1.7,0.354,-2.06
"SCPEP1","Q9HB40","7.81e-01","9.44e-01","6.93e-01",FALSE,FALSE,FALSE,FALSE,-1.15,0.792,1.94,-0.12,1.03,-0.912
"SCUBE3","Q8IX30","9.44e-01","1.29e-01","1.04e-01",FALSE,FALSE,FALSE,FALSE,0.241,-4.97,-5.21,-1.58,-1.82,3.39
"SDCBP","O00560","9.14e-01","9.54e-01","9.01e-01",FALSE,FALSE,FALSE,FALSE,0.46,-0.611,-1.07,-0.0504,-0.51,0.56
"SDF4","Q9BRK5","8.95e-01","9.12e-01","7.63e-01",FALSE,FALSE,FALSE,FALSE,-0.56,1.2,1.76,0.212,0.772,-0.985
"SEC23A","Q15436","8.84e-01","9.10e-01","9.36e-01",FALSE,FALSE,FALSE,FALSE,-0.728,-1.45,-0.725,-0.727,0.000838,0.726
"SEC31A","O94979","9.20e-01","9.51e-01","9.53e-01",FALSE,FALSE,FALSE,FALSE,0.526,0.858,0.332,0.461,-0.0647,-0.396
"SELENBP1","Q13228","6.10e-01","9.34e-01","9.36e-01",FALSE,FALSE,FALSE,FALSE,-1.91,-1.16,0.748,-1.03,0.887,0.139
"SEMA3G","Q9NS98","8.32e-01","9.64e-01","9.39e-01",FALSE,FALSE,FALSE,FALSE,-1.76,-0.633,1.12,-0.797,0.96,-0.164
"SEMA7A","O75326","9.44e-01","7.70e-01","6.39e-01",FALSE,FALSE,FALSE,FALSE,0.17,-2,-2.17,-0.609,-0.779,1.39
"SEPT2","Q15019","9.46e-01","9.17e-01","9.04e-01",FALSE,FALSE,FALSE,FALSE,-0.14,-1.17,-1.03,-0.437,-0.297,0.734
"SEPT7","Q16181","9.53e-01","9.28e-01","9.06e-01",FALSE,FALSE,FALSE,FALSE,-0.0389,-1.17,-1.13,-0.404,-0.365,0.769
"SEPT9","Q9UHD8","9.48e-01","9.61e-01","9.51e-01",FALSE,FALSE,FALSE,FALSE,-0.154,-0.566,-0.412,-0.24,-0.086,0.326
"SERPINA3","P01011","8.41e-01","9.38e-01","7.78e-01",FALSE,FALSE,FALSE,FALSE,-1.04,1.13,2.18,0.0309,1.07,-1.1
"SERPINB1","P30740","8.29e-01","9.66e-01","8.90e-01",FALSE,FALSE,FALSE,FALSE,-1.16,0.302,1.46,-0.286,0.874,-0.588
"SERPINB2","P05120","8.31e-01","8.81e-01","5.29e-01",FALSE,FALSE,FALSE,FALSE,1.03,-1.69,-2.72,-0.218,-1.25,1.47
"SERPINB6","P35237","8.79e-01","9.59e-01","9.55e-01",FALSE,FALSE,FALSE,FALSE,-0.699,-0.507,0.193,-0.402,0.297,0.105
"SERPINE1","P05121","9.18e-01","9.08e-01","9.22e-01",FALSE,FALSE,FALSE,FALSE,-0.446,-1.32,-0.872,-0.588,-0.142,0.73
"SERPINE2","P07093","9.31e-01","8.54e-01","8.68e-01",FALSE,FALSE,FALSE,FALSE,0.468,2.39,1.93,0.954,0.486,-1.44
"SERPINF1","P36955","9.32e-01","1.79e-01","1.10e-01",FALSE,FALSE,FALSE,FALSE,-0.295,3.17,3.46,0.958,1.25,-2.21
"SERPING1","P05155","9.01e-01","3.18e-01","5.15e-01",FALSE,FALSE,FALSE,FALSE,0.56,3.09,2.53,1.22,0.657,-1.87
"SERPINH1","P50454","9.20e-01","8.85e-01","7.43e-01",FALSE,FALSE,FALSE,FALSE,0.355,-1.23,-1.59,-0.292,-0.647,0.94
"SET","Q01105","8.19e-01","9.53e-01","9.49e-01",FALSE,FALSE,FALSE,FALSE,-0.85,-0.537,0.313,-0.462,0.388,0.0746
"SF1","Q15637","7.57e-01","9.47e-01","9.42e-01",FALSE,FALSE,FALSE,FALSE,-1.62,-0.955,0.661,-0.857,0.759,0.0983
"SF3B3","Q15393","9.47e-01","4.82e-01","4.85e-01",FALSE,FALSE,FALSE,FALSE,-0.147,-2.95,-2.81,-1.03,-0.886,1.92
"SF3B4","Q15427","9.39e-01","9.29e-01","8.74e-01",FALSE,FALSE,FALSE,FALSE,0.433,-1.91,-2.35,-0.494,-0.927,1.42
"SFPQ","P23246","9.51e-01","9.54e-01","9.40e-01",FALSE,FALSE,FALSE,FALSE,-0.0947,-0.972,-0.877,-0.356,-0.261,0.616
"SH3BGRL","O75368","9.42e-01","9.51e-01","9.18e-01",FALSE,FALSE,FALSE,FALSE,-0.319,1.08,1.4,0.254,0.573,-0.827
"SH3BGRL3","Q9H299","9.26e-01","9.59e-01","9.20e-01",FALSE,FALSE,FALSE,FALSE,-0.309,0.412,0.721,0.0343,0.343,-0.378
"SIAE","Q9HAT2","6.65e-01","9.62e-01","8.99e-01",FALSE,FALSE,FALSE,FALSE,-2.17,-0.59,1.58,-0.92,1.25,-0.33
"SIL1","Q9H173","9.54e-01","9.63e-01","9.50e-01",FALSE,FALSE,FALSE,FALSE,0.0137,0.314,0.301,0.109,0.0957,-0.205
"SKP1","P63208","9.08e-01","9.54e-01","9.58e-01",FALSE,FALSE,FALSE,FALSE,-0.553,-0.669,-0.117,-0.407,0.145,0.262
"SLITRK4","Q8IW52","9.38e-01","7.13e-01","5.23e-01",FALSE,FALSE,FALSE,FALSE,0.499,-4.3,-4.8,-1.27,-1.77,3.03
"SMOC2","Q9H3U7","9.45e-01","8.37e-01","7.39e-01",FALSE,FALSE,FALSE,FALSE,-0.292,3.21,3.5,0.971,1.26,-2.23
"SMS","P52788","9.10e-01","9.34e-01","8.45e-01",FALSE,FALSE,FALSE,FALSE,-0.613,1.24,1.85,0.208,0.821,-1.03
"SND1","Q7KZF4","8.13e-01","9.65e-01","9.27e-01",FALSE,FALSE,FALSE,FALSE,-2.24,-0.58,1.66,-0.94,1.3,-0.359
"SNRPE","P62304","8.88e-01","9.69e-01","9.44e-01",FALSE,FALSE,FALSE,FALSE,0.708,0.154,-0.554,0.287,-0.42,0.133
"SNX12","Q9UMY4","9.22e-01","9.52e-01","9.02e-01",FALSE,FALSE,FALSE,FALSE,-0.31,0.504,0.814,0.0647,0.375,-0.44
"SNX6","Q9UNH7","9.36e-01","9.70e-01","9.50e-01",FALSE,FALSE,FALSE,FALSE,-0.398,0.0901,0.488,-0.103,0.296,-0.193
"SOD2","P04179","7.84e-01","9.57e-01","7.86e-01",FALSE,FALSE,FALSE,FALSE,-1.71,0.784,2.5,-0.31,1.4,-1.09
"SOD3","P08294","9.51e-01","9.03e-01","8.58e-01",FALSE,FALSE,FALSE,FALSE,-0.0888,1.82,1.91,0.577,0.665,-1.24
"SPARC","P09486","9.48e-01","9.22e-01","9.05e-01",FALSE,FALSE,FALSE,FALSE,0.114,1.21,1.09,0.44,0.326,-0.766
"SPOCK1","Q08629","9.45e-01","8.86e-01","8.15e-01",FALSE,FALSE,FALSE,FALSE,-0.246,2.29,2.54,0.682,0.929,-1.61
"SPON1","Q9HCB6","9.24e-01","9.48e-01","8.94e-01",FALSE,FALSE,FALSE,FALSE,-0.619,1.19,1.81,0.19,0.809,-0.999
"SPTAN1","Q13813","9.06e-01","9.21e-01","9.36e-01",FALSE,FALSE,FALSE,FALSE,-0.811,-1.81,-1,-0.874,-0.0636,0.938
"SPTBN1","Q01082","9.26e-01","9.01e-01","9.11e-01",FALSE,FALSE,FALSE,FALSE,-0.612,-2.24,-1.63,-0.951,-0.339,1.29
"SRPX","P78539","9.17e-01","9.59e-01","9.59e-01",FALSE,FALSE,FALSE,FALSE,-0.691,-0.76,-0.0698,-0.484,0.207,0.277
"SRPX2","O60687","9.43e-01","9.71e-01","9.55e-01",FALSE,FALSE,FALSE,FALSE,-0.141,-0.00297,0.138,-0.0479,0.0928,-0.0449
"SSB","P05455","8.79e-01","9.41e-01","9.54e-01",FALSE,FALSE,FALSE,FALSE,-0.625,-0.841,-0.216,-0.489,0.136,0.352
"STAT1","P42224","8.49e-01","7.99e-01","8.97e-01",FALSE,FALSE,FALSE,FALSE,-0.755,-1.83,-1.07,-0.861,-0.106,0.968
"STC2","O76061","8.83e-01","9.10e-01","7.38e-01",FALSE,FALSE,FALSE,FALSE,0.821,-1.62,-2.44,-0.266,-1.09,1.35
"STK39","Q9UEW8","7.89e-01","9.65e-01","8.49e-01",FALSE,FALSE,FALSE,FALSE,-1.58,0.374,1.95,-0.402,1.18,-0.776
"SVEP1","Q4LDE5","9.41e-01","8.23e-01","6.99e-01",FALSE,FALSE,FALSE,FALSE,-0.319,2.69,3.01,0.79,1.11,-1.9
"SYNCRIP","O60506","8.17e-01","9.62e-01","9.36e-01",FALSE,FALSE,FALSE,FALSE,-1.35,-0.519,0.83,-0.623,0.726,-0.103
"TAGLN","Q01995","9.37e-01","9.59e-01","9.54e-01",FALSE,FALSE,FALSE,FALSE,-0.244,-0.458,-0.214,-0.234,0.0101,0.224
"TAGLN2","P37802","9.37e-01","9.71e-01","9.51e-01",FALSE,FALSE,FALSE,FALSE,-0.235,0.042,0.277,-0.0643,0.171,-0.106
"TALDO1","P37837","7.72e-01","9.27e-01","9.56e-01",FALSE,FALSE,FALSE,FALSE,-2.52,-2.19,0.327,-1.57,0.949,0.622
"TARS","P26639","9.19e-01","9.63e-01","9.25e-01",FALSE,FALSE,FALSE,FALSE,0.552,-0.487,-1.04,0.022,-0.531,0.509
"TCP1","P17987","8.52e-01","9.71e-01","9.29e-01",FALSE,FALSE,FALSE,FALSE,-1.57,-0.0491,1.52,-0.541,1.03,-0.492
"TF","P02787","9.19e-01","9.08e-01","7.93e-01",FALSE,FALSE,FALSE,FALSE,-0.848,2.55,3.4,0.568,1.42,-1.98
"TFG","Q92734","8.78e-01","9.56e-01","9.58e-01",FALSE,FALSE,FALSE,FALSE,-0.731,-0.634,0.0967,-0.455,0.276,0.179
"TFPI","P10646","9.40e-01","9.35e-01","8.86e-01",FALSE,FALSE,FALSE,FALSE,0.317,-1.35,-1.66,-0.343,-0.66,1
"TGFB1I1","O43294","9.39e-01","9.68e-01","9.47e-01",FALSE,FALSE,FALSE,FALSE,-0.49,0.362,0.852,-0.043,0.447,-0.405
"TGFBI","Q15582","9.48e-01","9.60e-01","9.50e-01",FALSE,FALSE,FALSE,FALSE,-0.112,-0.451,-0.339,-0.188,-0.0755,0.263
"TGM2","P21980","9.44e-01","7.57e-01","7.49e-01",FALSE,FALSE,FALSE,FALSE,-0.191,-2.22,-2.03,-0.804,-0.613,1.42
"THBS1","P07996","8.31e-01","9.31e-01","7.23e-01",FALSE,FALSE,FALSE,FALSE,0.703,-0.794,-1.5,-0.0302,-0.733,0.764
"THBS2","P35442","9.05e-01","9.63e-01","9.56e-01",FALSE,FALSE,FALSE,FALSE,-0.871,-0.595,0.276,-0.489,0.383,0.106
"TIMP1","P01033","9.52e-01","9.68e-01","9.57e-01",FALSE,FALSE,FALSE,FALSE,0.0408,0.147,0.106,0.0626,0.0218,-0.0844
"TIMP2","P16035","8.27e-01","7.86e-01","9.08e-01",FALSE,FALSE,FALSE,FALSE,0.767,1.58,0.812,0.782,0.0148,-0.797
"TKT","P29401","7.55e-01","8.89e-01","9.57e-01",FALSE,FALSE,FALSE,FALSE,-2.94,-3.26,-0.325,-2.07,0.87,1.2
"TLN1","Q9Y490","9.07e-01","8.72e-01","9.04e-01",FALSE,FALSE,FALSE,FALSE,-0.779,-2.38,-1.6,-1.05,-0.275,1.33
"TNC","P24821","9.30e-01","8.28e-01","6.61e-01",FALSE,FALSE,FALSE,FALSE,0.312,-1.65,-1.96,-0.446,-0.758,1.2
"TNFRSF11B","O00300","9.44e-01","9.65e-01","9.58e-01",FALSE,FALSE,FALSE,FALSE,0.167,0.273,0.106,0.146,-0.0201,-0.126
"TOM1","O60784","9.09e-01","8.86e-01","9.12e-01",FALSE,FALSE,FALSE,FALSE,0.841,2.48,1.64,1.11,0.267,-1.37
"TPI1","P60174","9.22e-01","9.71e-01","9.47e-01",FALSE,FALSE,FALSE,FALSE,-0.276,0.00558,0.281,-0.09,0.186,-0.0956
"TPM1","P09493","9.46e-01","8.38e-01","7.44e-01",FALSE,FALSE,FALSE,FALSE,0.15,-1.74,-1.89,-0.531,-0.681,1.21
"TPM2","CON__Q3SX28","9.53e-01","9.53e-01","9.33e-01",FALSE,FALSE,FALSE,FALSE,0.0302,-0.627,-0.657,-0.199,-0.229,0.428
"TPM3","P06753","8.39e-01","9.58e-01","9.50e-01",FALSE,FALSE,FALSE,FALSE,0.565,0.344,-0.221,0.303,-0.262,-0.0408
"TPM4","P67936","9.44e-01","9.71e-01","9.56e-01",FALSE,FALSE,FALSE,FALSE,0.173,-0.0047,-0.177,0.056,-0.117,0.0607
"TPP1","O14773","9.29e-01","8.78e-01","8.90e-01",FALSE,FALSE,FALSE,FALSE,0.318,1.41,1.09,0.576,0.258,-0.834
"TRIP10","Q15642","9.52e-01","9.61e-01","9.43e-01",FALSE,FALSE,FALSE,FALSE,-0.0986,0.772,0.871,0.225,0.323,-0.548
"TSN","Q15631","9.54e-01","9.66e-01","9.54e-01",FALSE,FALSE,FALSE,FALSE,-0.000774,-0.293,-0.292,-0.0979,-0.0971,0.195
"TUBA1C","Q9BQE3","9.54e-01","9.30e-01","9.06e-01",FALSE,FALSE,FALSE,FALSE,0.011,0.833,0.822,0.281,0.27,-0.552
"TUBB","P07437","9.47e-01","9.39e-01","9.04e-01",FALSE,FALSE,FALSE,FALSE,-0.127,0.849,0.976,0.241,0.368,-0.608
"TUBB4A","P04350","8.76e-01","9.49e-01","8.57e-01",FALSE,FALSE,FALSE,FALSE,-0.963,1.06,2.02,0.0325,0.996,-1.03
"TUBB4B","P68371","9.43e-01","9.58e-01","9.32e-01",FALSE,FALSE,FALSE,FALSE,-0.169,0.445,0.614,0.0921,0.261,-0.353
"TWF1","Q12792","8.63e-01","9.65e-01","9.46e-01",FALSE,FALSE,FALSE,FALSE,0.763,0.298,-0.465,0.354,-0.409,0.0554
"TWF2","Q6IBS0","8.17e-01","9.66e-01","9.27e-01",FALSE,FALSE,FALSE,FALSE,-0.858,-0.209,0.648,-0.356,0.502,-0.146
"TXN","P10599","9.48e-01","9.61e-01","9.40e-01",FALSE,FALSE,FALSE,FALSE,0.14,-0.561,-0.7,-0.14,-0.28,0.42
"TXNDC17","Q9BRA2","8.05e-01","9.04e-01","9.54e-01",FALSE,FALSE,FALSE,FALSE,0.993,1.2,0.202,0.73,-0.264,-0.466
"TXNDC5","Q8NBS9","9.41e-01","9.40e-01","8.98e-01",FALSE,FALSE,FALSE,FALSE,0.177,-0.736,-0.913,-0.186,-0.363,0.549
"TXNRD1","Q16881","8.11e-01","9.70e-01","8.92e-01",FALSE,FALSE,FALSE,FALSE,-0.902,0.0818,0.984,-0.274,0.629,-0.355
"UBA1","P22314","7.38e-01","9.61e-01","9.17e-01",FALSE,FALSE,FALSE,FALSE,-2.37,-0.781,1.59,-1.05,1.32,-0.27
"UBA52","P62987","9.51e-01","9.14e-01","8.74e-01",FALSE,FALSE,FALSE,FALSE,0.0753,-1.41,-1.48,-0.444,-0.519,0.963
"UBE2L3","P68036","8.31e-01","9.69e-01","9.05e-01",FALSE,FALSE,FALSE,FALSE,-1.3,0.167,1.47,-0.378,0.923,-0.545
"UBR4","Q5T4S7","9.15e-01","9.55e-01","9.57e-01",FALSE,FALSE,FALSE,FALSE,0.49,0.637,0.147,0.376,-0.115,-0.261
"UCHL1","P09936","9.25e-01","9.41e-01","9.43e-01",FALSE,FALSE,FALSE,FALSE,-0.755,-1.76,-1,-0.838,-0.0829,0.92
"UGDH","O60701","9.45e-01","9.62e-01","9.54e-01",FALSE,FALSE,FALSE,FALSE,0.232,0.575,0.343,0.269,0.0372,-0.306
"UGGT1","Q9NYU2","9.12e-01","9.54e-01","9.56e-01",FALSE,FALSE,FALSE,FALSE,-0.369,-0.485,-0.117,-0.285,0.084,0.201
"UGP2","Q16851","7.93e-01","9.36e-01","9.55e-01",FALSE,FALSE,FALSE,FALSE,-1.31,-1.08,0.229,-0.794,0.511,0.282
"USO1","O60763","9.44e-01","9.70e-01","9.53e-01",FALSE,FALSE,FALSE,FALSE,-0.146,0.0708,0.216,-0.025,0.121,-0.0958
"USP5","P45974","7.48e-01","9.68e-01","8.95e-01",FALSE,FALSE,FALSE,FALSE,-1.65,-0.232,1.41,-0.626,1.02,-0.394
"VBP1","P61758","8.03e-01","9.54e-01","7.89e-01",FALSE,FALSE,FALSE,FALSE,-1.76,0.996,2.76,-0.255,1.51,-1.25
"VCAN","P13611","9.54e-01","9.61e-01","9.47e-01",FALSE,FALSE,FALSE,FALSE,-0.0153,-0.477,-0.462,-0.164,-0.149,0.313
"VCL","P18206","9.25e-01","9.36e-01","9.39e-01",FALSE,FALSE,FALSE,FALSE,-0.303,-0.773,-0.471,-0.359,-0.056,0.415
"VCP","P55072","8.55e-01","9.63e-01","9.48e-01",FALSE,FALSE,FALSE,FALSE,-0.666,-0.319,0.348,-0.328,0.338,-0.00953
"VIM","P08670","9.32e-01","9.39e-01","8.84e-01",FALSE,FALSE,FALSE,FALSE,0.212,-0.612,-0.824,-0.133,-0.345,0.479
"VIT","Q6UXI7","9.21e-01","4.08e-01","2.18e-01",FALSE,FALSE,FALSE,FALSE,-0.529,3.66,4.19,1.04,1.57,-2.62
"VPS26A","O75436","8.08e-01","8.94e-01","9.51e-01",FALSE,FALSE,FALSE,FALSE,-1.02,-1.32,-0.303,-0.782,0.24,0.543
"VPS35","Q96QK1","8.83e-01","9.38e-01","9.52e-01",FALSE,FALSE,FALSE,FALSE,-0.78,-1.14,-0.358,-0.639,0.141,0.499
"WARS","P23381","9.20e-01","9.71e-01","9.47e-01",FALSE,FALSE,FALSE,FALSE,-1.12,-0.0263,1.09,-0.381,0.737,-0.355
"WDR1","O75083","7.87e-01","6.03e-01","8.80e-01",FALSE,FALSE,FALSE,FALSE,-1.07,-2.2,-1.13,-1.09,-0.0214,1.11
"XPO1","O14980","6.38e-01","9.71e-01","8.24e-01",FALSE,FALSE,FALSE,FALSE,-1.54,0.0149,1.55,-0.507,1.03,-0.522
"XRCC5","P13010","8.15e-01","9.54e-01","8.09e-01",FALSE,FALSE,FALSE,FALSE,-1.05,0.619,1.67,-0.143,0.904,-0.761
"XRCC6","P12956","8.01e-01","9.70e-01","8.86e-01",FALSE,FALSE,FALSE,FALSE,-1.06,0.0885,1.15,-0.324,0.737,-0.413
"XYLT1","Q86Y38","3.25e-01","9.20e-01","9.24e-01",FALSE,FALSE,FALSE,FALSE,-2.73,-1.6,1.13,-1.44,1.29,0.155
"YWHAB","P31946","8.92e-01","9.54e-01","9.60e-01",FALSE,FALSE,FALSE,FALSE,-1.16,-1.18,-0.0233,-0.78,0.378,0.401
"YWHAE","P62258","6.48e-01","9.17e-01","9.50e-01",FALSE,FALSE,FALSE,FALSE,-1.93,-1.5,0.435,-1.15,0.79,0.355
"YWHAG","P61981","5.90e-01","8.94e-01","9.53e-01",FALSE,FALSE,FALSE,FALSE,-2.66,-2.26,0.401,-1.64,1.02,0.62
"YWHAQ","P27348","8.46e-01","9.40e-01","7.96e-01",FALSE,FALSE,FALSE,FALSE,0.954,-1.05,-2,-0.0313,-0.985,1.02
"YWHAZ","P63104","8.69e-01","9.67e-01","9.44e-01",FALSE,FALSE,FALSE,FALSE,-0.525,-0.17,0.355,-0.231,0.293,-0.0616
"ZYX","Q15942","9.04e-01","9.40e-01","8.54e-01",FALSE,FALSE,FALSE,FALSE,-0.705,1.2,1.91,0.166,0.871,-1.04
